골목에서 내려오는 사람들과 지하철역 출구에서 올라오는 사람들이 만나며 인파가 크게 불어났다,다중밀집,0
좁은 길에 다 들어가지 못한 사람들이 도로 위로 쏟아져 나왔어요.,다중밀집,0
4차선 도로가 1차선만 남기고 전부 사람으로 가득 찼다.,다중밀집,0
어딘가에서 인파가 몰려 큰 사건이 발생할 것 같아요.,다중밀집,0
예상치 못한 곳에 많은 사람들이 몰려 위험한 상황이 벌어질 것 같아서 경찰에 신고하려고 합니다.,다중밀집,0
예상치 못한 사건으로 인해 인파가 몰려 위험한 상황이 생길 것 같아요.,다중밀집,0
인파가 몰려 압사사고가 생길 것 같아요.,다중밀집,0
길이 좁은데 사람이 너무 많이 몰려서 위험해요.,다중밀집,0
행사 진행중인데 너무 사람이 많아서 숨쉬기가 힘들어요.,다중밀집,0
사람들 사이에 지나갈 틈도 없는데 옆사람 넘어지고 난리났어요.,다중밀집,0
경기장에서 나가는 중인데 안전 통제가 잘 안 돼서 사고가 발생할 것 같아요.,다중밀집,0
지하철 출근시간인데 역에 사람이 너무 많아서 움직일 수가 없어요.,다중밀집,0
축제 출구에서 나가는 사람들과 들어오는 인파와 겹쳐 너무 혼잡해요,다중밀집,0
서울역 계단에 사람이 한꺼번에 몰려서 위험합니다.,다중밀집,0
여러 명이 동시에 넘어져서 깔렸어요.,다중밀집,0
사람들이 너무 많이 몰려있어서 경찰의 조치가 필요합니다.,다중밀집,0
행인들이 너무 밀집돼서 교통 통제가 필요합니다.,다중밀집,0
다중 밀집으로 인해 응급 구조 차량이 진입하기 어려운 상황입니다. ,다중밀집,0
사람들이 지나치게 밀집된 상황에서 안전 문제가 우려됩니다. ,다중밀집,0
이곳에서 대규모 시위가 진행 중인데 사람이 너무 많아서 사고가 날 것 같아요.,다중밀집,0
큰 규모의 이벤트가 열리는데 사람들이 너무 많아서 경찰의 지원이 필요합니다.,다중밀집,0
사람들이 많이 몰려서 움직이기도 어려운 상황입니다,다중밀집,0
사람들이 지나치게많이 몰려있어서 신체적 위험이 높습니다. ,다중밀집,0
큰 행사가 진행 중인데 사람들이 너무 많아 경찰 지원이 필요합니다.,다중밀집,0
콘서트장 군중 앞쪽 사람들이 밀려 넘어졌어요.,다중밀집,0
주택 앞에서 어떤 사람이 아기를 버리고 그 자리를 떠나는 모습을 목격했습니다.,유기,0
도로에 아이가 들어있는 캐리어를 버리고 도망간 사람들을 봤어요.,유기,0
도시 공원에서 아이와 함께 유모차를 버린 남성을 발견했어요.,유기,0
버스 정류장에서 아이를 혼자 둔 채로 떠나는 사람을 봤어요.,유기,0
주택 지역에서 아이가 담긴 박스를 길에 놓아둔 여성을 목격했습니다.,유기,0
고속도로 휴게소에서 무작위로 아이를 내려놓고 떠나는 부모를 발견하여 경찰에 이 사안을 신고합니다.,유기,0
"버스 정류장에서 아이를 두고 다른 버스로 타려는 모습을 보며, 이 아이에게 무슨 일이 일어난 것인지 확인해주세요.",유기,0
"도로가에 아이를 두고 차를 타려는 사람을 발견하여, 이에 대한 신속한 조치와 조사가 필요하다고 생각하여 경찰에 알립니다.",유기,0
"어린이를 버린 상황을 목격하여, 이에 대한 대응이 필요하다고 판단하여 경찰에 신고하려고 합니다.",유기,0
아동보호센터 앞에 갓난아기를 두고 가는 사람을 봤어요.,유기,0
어둠 속에서 누군가 시신을 유기하는 모습을 목격하여 경찰에 이 사건을 알립니다.,유기,0
도로 가로에 시신을 버리는 사람을 목격했습니다.,유기,0
주택 근처에서 사람이 시신을 버리고 있어요.,유기,0
산책로에서 시신을 버리는 사람을 봤어요.,유기,0
도시 공원에서 죽은 사람을 묻고있는 것 같은 현장을 목격했어요.,유기,0
해안가에서 시신을 버리는 사람을 발견했어요 와주세요 빨리,유기,0
길가에서 사람이 시신을 유기하는 모습을 봤어요,유기,0
도심 지역에서 사람이 시체를 버리는 걸 봤어요.,유기,0
아파트 단지 뒷산에서 대응이 필요하다고 생각하여 경찰에 신고하려고 합니다.,유기,0
도시에서 유기된 어린이를 발견했습니다.,유기,0
유기된 어린이를 길가에서 발견했어요.,유기,0
갓난아기가 길가에서 혼자 울고있어요 유기가 의심됩니다.,유기,0
노인이 유기되었고 안전이 우려됩니다.,유기,0
쓰레기봉투에 사람 형체가 버려져있어요.,유기,0
산책로를 걷다가 사람이 시신을 버리는 모습을 발견했습니다.,유기,0
도로에서 무단으로 급변선을 행하는 차량이 도주 중인데 잡아주세요.,교통사고,0
SUV 차량이랑 부딪혔는데 그 차가 고속도로로 도주 중이에요,교통사고,0
초등학교 앞인데 트럭이 아이를 쳤는데 달아나고 있어요 차량 번호는 23나 6549에요.,교통사고,0
마트 앞인데요 제 차를 들이받고 도망가는 차 좀 잡아주세요.,교통사고,0
"도로에서 갑작스럽게 반대 차선으로 치고 나와, 다른 차량을 향해 빠르게 달리고 있는 차량이 뻥소니 차량이에요.",교통사고,0
여기 일방통행인데 차가 들어와서 사람을 치고 도망갔어요. ,교통사고,0
차를 여러 대 박으면서 도망가는 차가 있어요. 제정신이 아닌 것 같은데 저지해주세요.,교통사고,0
검은색 세단이랑 부딪혔는데 도주중이에요.,교통사고,0
횡단보도 초록불에 무작정 차를 밀고들어와서 부딪혔는데 그 차가 지금 도망가는 중이에요.,교통사고,0
역주행하는 차랑 부딪혔는데 도망가네요.,교통사고,0
도로에서 발생한 다중 추돌 사고로 인해 많은 차량들이 사고에 휘말렸습니다.,교통사고,0
교차로에서 큰 다중 추돌 사고가 발생하여 차량들이 혼란에 빠져들고 있습니다. ,교통사고,0
경부고속도로 상행선에서 13중 추돌 사고가 발생하여 차량들이 연쇄적으로 충돌하고 있습니다. ,교통사고,0
터널에서 버스가 밀고 들어와서 차 7대가 그대로 밀렸어요.,교통사고,0
사거리 앞에서 차 4대가 부딪혔는데 상황 정리 해주세요.,교통사고,0
도로 위에서 음주 운전을 하는 차량을 목격했어요.,교통사고,0
주변에서 음주 상태로 운전하는 차량을 발견했어요,교통사고,0
식당에서 나오는데 방금 술먹은 사람이 운전대를 잡고 출발했습니다.,교통사고,0
고속도로인데 앞 차가 많이 비틀비틀거리네요 음주운전같아요.,교통사고,0
"도로에서 음주 상태로 차를 몰아, 다른 차량과 충돌하려고 하는 상황을 목격했어요.",교통사고,0
차량 사고를 목격했습니다.,교통사고,0
도로에서 큰 교통사고가 발생했습니다.,교통사고,0
버스가 오토바이와 크게 부딪혔어요.,교통사고,0
버스 두 대가 부딪혀서 큰 피해가 우려됩니다.,교통사고,0
주택가에서 음주 상태로 운전하는 차량이 허락되지 않는 곳을 달리고 있습니다. .,교통사고,0
거리에서 큰 인파가 모여들어 집단 싸움이 시작되었습니다.,강력 일반폭력,0
공원 내에서 두 그룹 사이의 폭력적인 충돌이 발생하고 있습니다.,강력 일반폭력,0
클럽에서 스무명정도가 싸우고있어요,강력 일반폭력,0
시장에서 발생한 집단 싸움으로 인해 상인들과 시민들이 위험에 처해있습니다. ,강력 일반폭력,0
무기를 들고 강도가 지하철에서 승객들을 위협하고 있습니다.,강력 일반폭력,0
현장에서 무기를 들고 도주 중인 강력범죄자를 발견했습니다.,강력 일반폭력,0
시장에서 칼을 들고 사람들을 위협하는 피해자의 신고가 들어왔습니다.,강력 일반폭력,0
다수의 경찰이 이동범죄 용의자를 포위하고 있습니다.,강력 일반폭력,0
도심에서 무기를 들고 돌아다니며 위험을 일으키는 범죄자를 목격했습니다.,강력 일반폭력,0
무장한 강도가 은행에서 인질을 잡고 있습니다.,강력 일반폭력,0
칼을 들고 거리에서 사람들을 위협하는 범죄자가 보고되었습니다.,강력 일반폭력,0
무기를 들고 도주 중인 강력범죄 용의자의 위치가 파악되었습니다.,강력 일반폭력,0
공원에서 무장한 절도범이 시민을 위협하고 있습니다.,강력 일반폭력,0
현장에서 무기를 들고 다니며 위험한 행동을 하는 범죄자를 발견했습니다.,강력 일반폭력,0
칼을 들고 마트 내에서 현행범죄를 저지르려는 용의자를 목격했습니다.,강력 일반폭력,0
현장에서 무기를 들고 다니며 위험한 행동을 하는 범죄자를 발견했습니다.,강력 일반폭력,0
칼을 들고 버스 정류장에서 사람들을 위협하는 용의자를 발견했습니다.,강력 일반폭력,0
무장한 강도가 상점에서 시민들을 위협하고 있습니다.,강력 일반폭력,0
칼을 가진 범죄자가 공공장소에서 위험한 행동을 하고 있습니다.,강력 일반폭력,0
무장한 절도범이 거리에서 시민들을 위협하고 있습니다.,강력 일반폭력,0
칼을 들고 현장에서 현행범죄를 저지르려는 용의자를 목격했습니다.,강력 일반폭력,0
무기를 지참한 강도가 시장에서 사람들을 위협하고 있습니다.,강력 일반폭력,0
칼든 사람이 시민들을 위협하고 있습니다.,강력 일반폭력,0
칼을 지참한 범죄자가 버스 정류장에서 시민들을 위협하고 있습니다.,강력 일반폭력,0
술집 앞인데 깨진 술병으로 사람들을 찌르고 있어요,강력 일반폭력,0
도로에서 발생한 치명적인 폭력 사건으로 한 명이 숨지셨습니다.,살인,0
상점 근처에서 칼을 사용한 흉악한 사건이 발생하여 희생자가 발생하였습니다.,살인,0
도심 지역에서 발생한 살인 사건으로 한 명이 사망하였습니다.,살인,0
학교 근처에서 한 남자가 다른 여자의 목을 조르는 사건으로 인해 한 명이 사망하였습니다.,살인,0
야간 거리에서 심한 폭행이 이루어지고 이미 희생자가 발생하였습니다.,살인,0
주거 단지에서 벌어진 치명적인 폭력 사건으로 한 명이 목숨을 잃었습니다.,살인,0
산책로에서 발생한 총격사건으로 한 명이 사망하였습니다.,살인,0
학교 근처에서 발생한 치명적인 총격 사건으로 인해 한 명이 희생되었습니다.,살인,0
도심에서 발생한 칼부림으로 한 명이 사망하였습니다.,살인,0
아파트단지에서 미친놈이 칼로 사람을 쑤시고있어요.,살인,0
도로에서 벌어진 충격적인 상황에서 어떤 남자가 다른 사람을 향해 칼을 휘둘러 죽였어요.,살인,0
주택 앞에서 발생한 끔찍한 사건에서 한 남자가 다른 남자의 목을 조르고 목숨을 끊는 모습을 직접 목격했습니다.,살인,0
상점에서 어떤 사람이 다른 사람을 총으로 쏘아 살해하는 현장을 직접 목격했습니다.,살인,0
어떤 사람이 칼로 찌르며 다른 사람을 살해하는 잔인한 장면을 직접 목격했습니다.,살인,0
학교 근처에서한 남자가 다른 남자를 맨손으로 때려 죽였어요.,살인,0
어두운 거리에서 어떤 사람이 총을 들고 다른 사람을 여러 번 쏘아 목숨을 끊는 현장을 눈으로 보았습니다.,살인,0
내가 어떤 사람이 칼을 들고 다른 사람을 찌르고 있어요.,살인,0
도로에서 한 남자가 다른 남자를 칼로 찌르고 난 후 피투성이가 된 몸을 뒤집어쓰며 도망가는 걸 봤어요.,살인,0
다른 사람의 목을 조르며 목숨을 끊어가는 모습을 직접 목격했습니다.,살인,0
건물 내에서의 줄로 목을 졸라 죽이고 있어요,살인,0
총을 들고 다른 사람을 여러 번 쏘아 목숨을 끊는 현장을 눈으로 보았습니다.,살인,0
방금 살인사건을 목격했어요,살인,0
지하 주차장에서 사람 죽이는 걸 봤어요.,살인,0
머리 긴 사람이 모자를 뒤집어 쓰고 칼로 찌르고 다녀요 급해요.,살인,0
제 눈 앞에서 살인 사건이 벌어지고 있어요.,살인,0
도로에서 미지의 남성이 나를 강제로 끌어당겨 접근하며 성추행했습니다.,강제추행/강간,0
버스에서 나를 노린 남성이 갑자기 다가와 몸을 강제로 만지며 불쾌한 상황을 만들었습니다.,강제추행/강간,0
밤길을 걷다가 알 수 없는 남성이 강제로 손을 끌어당기며 성적인 접촉을 해요.,강제추행/강간,0
주차장에서 갑자기 다가온 남성이 몸을 강제로 만졌어요.,강제추행/강간,0
어둡고 외딴 곳에서 강제로 다가온 남성에게 성추행당했어요.,강제추행/강간,0
친구의 파티에서 낯선 남성에게 강제로 끌려가 성적인 접촉을 당했어요.,강제추행/강간,0
야간에 혼자 걷던 중 강제로 다가온 남성이 성적인 시도를 시도하여 끔찍한 경험을 했습니다.,강제추행/강간,0
안전하다고 생각했던 곳에서 강제로 다가온 남성에게 성적인 접촉을 시도당했습니다.,강제추행/강간,0
친구의 집에서 낯선 여성이 접근하여 강제로 성적인 행동을 시도했습니다.,강제추행/강간,0
밤에 성적인 시도를 받아 불안과 두려움을 느꼈습니다.,강제추행/강간,0
어두운 곳에 끌려가 강제로 성관계를 강요당했습니다.,강제추행/강간,0
낯선 남성이 외딴 곳으로 끌려가 강제로 성관계를 하자고했어요.,강제추행/강간,0
어린 시절부터 알고 지내던 사람에게 강제로 성관계를 시도당해 큰 충격을 받았습니다.,강제추행/강간,0
소개팅 중 낯선 남성이 강제로 성관계를 시도하였으며 공포와 불안한 상태였습니다.,강제추행/강간,0
파티에서 음주 상태인 남성에게 강제로 성관계를 강요당한 경험을 겪었습니다.,강제추행/강간,0
친구의 집에서 강제로 성관계를 시도한 낯선 남성에게 끔찍한 경험을 했습니다.,강제추행/강간,0
외출 중 갑자기 다가온 남성이 강제로 성관계를 시도하여 완전히 혼란스러운 상황이었습니다.,강제추행/강간,0
어둠 속에서 친숙한 사람에게 강제로 성관계를 강요당한 경험으로 많은 고통을 겪었습니다.,강제추행/강간,0
낯선 남성에게 강제로 끌려가 성관계를 시도당한 후 완전히 당황했어요,강제추행/강간,0
제 방 안에서 강간 사건이 발생했습니다. ,강제추행/강간,0
실내에서 강간을 목격하였습니다. 상황이 매우 위급합니다. ,강제추행/강간,0
제 몸을 만지고 달아난 사람 좀 잡아주세요.,강제추행/강간,0
원치않는 성관계를 강요당하고있어요 도와주세요,강제추행/강간,0
강제 추행하는 걸 목격했는데 빠른 출동이 필요해요.,강제추행/강간,0
속옷을 벗으라고 강요당한 상황에서 낯선 남성이 성관계를 시도했어요 살려주세요,강제추행/강간,0
음식점 근천데 아버지가 딸을 때리고 있어요.,가정폭력,0
아파트인데 아내가 남편을 구타하고 소리 지르며 싸우는 상황이 벌어지고 있습니다.,가정폭력,0
주택에서 아버지가 자녀를 무례하게 다루며 폭행하고 있는 상황이 발생하였습니다.,가정폭력,0
아내가 남편을 폭행하고 소음과 함께 싸움이 계속되고 있습니다. ,가정폭력,0
아버지가 아이들을 폭행하며 소음과 함께 상황이 긴장되어 있습니다.,가정폭력,0
아파트 101호인데요 어머니가 자식들을 심하게 때리는 소리가 나요.,가정폭력,0
6층에서 아내가 남편을 개패듯이 패고있어요.,가정폭력,0
"아파트 202호에서는 부부 간의 싸움이 소음과 함께 진행 중이고, 아버지가 아내를 폭행하고 상황이 매우 긴장되어 있습니다.",가정폭력,0
아들이 자기 엄마되는 사람을 때리고 있어요.,가정폭력,0
아버지가 술에 취해 가정에서 폭행을 시도하고 있습니다. ,가정폭력,0
아빠가 집 안에 있는 물건들을 부수고 때리려고 해요.,가정폭력,0
502호에서 부부 간의 폭력 사태가 갑자기 너무 심각해졌어요.,가정폭력,0
부모님이 딸 머리채를 잡아당기고 목을 졸라요.,가정폭력,0
아버지로 추정되는 사람이 술먹고 집에서 난동을 피우고 있고 자식들이 위험해보여요.,가정폭력,0
엄마가 담배불로 아들을 지지려고 해요.,가정폭력,0
도움이 필요한 상황입니다. 가정폭력 사건을 목격했습니다,가정폭력,0
저희 집에서 남편이 폭력을 행사하고 있습니다.,가정폭력,0
아버지가 저와 어머니에게 폭력을 가하고 있습니다.,가정폭력,0
아들이 엄마에게 폭력을 행사하고 있습니다.,가정폭력,0
가정폭력으로 아이들이 많이 다쳤어요.,가정폭력,0
집에서 폭력 사건이 발생하고 어머니가 위험합니다.,가정폭력,0
어머니가 아버지를 폭행하고 있는 상황입니다. ,가정폭력,0
아침 식사 중에 남동생이 나를 공격하고 있습니다. ,가정폭력,0
친구가 아버지로부터 폭행을 당한 것 같습니다. ,가정폭력,0
"아버지가 폭력을 행사하고, 어머니와 아이들이 위험합니다",가정폭력,0
지금 2호선 지하철 안인데 어떤 술취한 남자가 자리 없다고 난동을 피우면서 주위에 있는 사람들을 잡아서 막 패고 있어요. ,일반폭력,1
6호선 지하철 내에서 남성이 자리 문제로 난동을 피우면서 다른 승객들을 공격하고 있어요. ,일반폭력,1
술집 내에서 손님들이 서로 몸 싸움을 벌이며 큰 소란을 일으키고 있습니다.,일반폭력,1
버스 기사 아저씨를 어떤승객이 일방적으로 마구 때리고 있어요.,일반폭력,1
지금 길목에서 어떤 젊은 남자가 아저씨를 무자비하게 폭행하고 있어요.,일반폭력,1
공원 내에서 두 명의 젊은이가 격렬한 몸싸움을 벌이고 있습니다. ,일반폭력,1
지금 태릉선수촌인데 코치가 선수를 구타하고 있어요. ,일반폭력,1
공공장소에서 시위 참가자들이 충돌하여 폭력 사태가 발생하고 있습니다.,일반폭력,1
사람들이 몸싸움을 벌이며 큰 소동이 벌어지고 있습니다.,일반폭력,1
두 일행이 시비 붙어서 물건을 던지고 서로 패면서 난리났어요. ,일반폭력,1
폭력 사태로 인한 위험이 있습니다.,일반폭력,1
폭행하며 주먹으로 여러 번 때리고 있습니다.,일반폭력,1
서로 물건을 던지고 쥐어박고 폭행하며 혼란스러운 상황이 벌어지고 있습니다. ,일반폭력,1
주민을 폭행하고 물건을 파괴하고 있습니다. ,일반폭력,1
성인 남성 두명이서 서로 맞서 싸우며 발로 차고 폭력을 일으키고 있습니다.,일반폭력,1
지금 신촌 사거리 앞인데 사람 두명이서 막 서로 때리면서 크게 싸우고 있어요. 흉기는 없는데 빨리 와주셔야할 것 같아요. ,일반폭력,1
두 일행이 시비 붙어서 술잔깨고 서로 패면서 난리났어요. ,일반폭력,1
압구정 사거리 앞인데 건장한 남성이 지금 어떤 남자를 끌고 가고 있어요.,일반폭력,1
길거리에서 폭력 사건을 목격했습니다. ,일반폭력,1
두 명의 사람이 폭력에 시달리고 있습니다. ,일반폭력,1
덩치 큰 사람이 일방적으로 사람을 때리고 있어요.,일반폭력,1
상점 내에서 손님이 직원을 폭행하고 있습니다.,일반폭력,1
아파트 단지에서 소란스런 폭력 사건이 발생했습니다.,일반폭력,1
도로에서 나이 든 남성이 젊은이에게 폭행당한 것으로 보입니다.,일반폭력,1
서로 욕하면서 주먹으로 때리고 발길질하며 격렬하게 싸우고 있습니다.,일반폭력,1
저 지금 싸움이 크게 나서 빨리 와주셔야할 것 같아요.,일반폭력,1
개인 사물함 하나하나를 몰래 열어서 귀중품을 훔치는 여자가 있어요. ,일반절도,1
지금 청소년 3명이 편의점에서 생필품을 담아 계산하지 않고 그냥 도망갔어요. ,일반절도,1
금은방 창문을 뜯고 들어와서 귀금속을 쓸어담고 있어요.,일반절도,1
지금 현대백화점에서 남자 두명이 다른 사람의 가방을 훔치고 있는 것 같아요. ,일반절도,1
지하철에서 소란을 듣고 나가보니 두명의 사람이 다른 승객의 소지품을 훔치려고 하고 있어요.,일반절도,1
지금 지하상가에서 의심스러운 행동을 하는 사람이 있어요. 물건을 담아 가방에 넣고 계산없이 나가려고 하고 있어요.,일반절도,1
방금 주차장에서 다른 차량 창문을 깨고 소지품을 훔치는 모습을 봤어요. ,일반절도,1
지금 누가 창식당 창문을 깨고 들어가서 현금을 가방에다가 담고 있어요.  ,일반절도,1
지금 상점 안에 몰래 침입해 절도를 하고 있는 사람이 보이는데 빨리 와주세요.,일반절도,1
지금 상점 안에 몰래 침입해 물건을 훔치는 사람이 있는데 빨리 와주셔야할 것 같아요.,일반절도,1
백화점 주차장에서 어떤 남자가 자동차 문을 따고 들어가서 훔치는걸 봤어요.,일반절도,1
편의점에서 누가 도시락을 훔쳐 달아났어요.,일반절도,1
CCTV로 보고있는데 지금 누가 몰래 들어와서 물건을 담아서 훔치고 있어요. ,일반절도,1
지금 차량 절도 수배자를 목격하였습니다. ,일반절도,1
지금 대형마트 영업시간이 끝났는데 물건을 훔치는 여성이 매장 안에 있습니다.,일반절도,1
문을 누가 따고 들어가서 물건을 훔치고 있어요.,일반절도,1
동네 공원에서 누군가 벤치에 놓인 물건을 훔치고 있어요.,일반절도,1
주차장에서 차를 잘도하려는 사람을 목격했어요.,일반절도,1
주택가에서 누군가가 집으로 침입하여 도둑질을 하려는 모습을 목격했습니다. ,일반절도,1
길거리에서 소매치기 당했어요. 빨리 잡아주세요.,일반절도,1
노트북을 훔쳐가는 사람이 있어요.,일반절도,1
지갑을 도난당했어요.,일반절도,1
저희 매장 물건이 다 없어졌어요.,일반절도,1
아파트단지에서 지금 누가 자전거를 훔치려고 하고있어요. ,일반절도,1
층간소음떄문에 신고드립니다. 위층이 너무 시끄러워요.,층간소음,1
지난번에 층간소음때문에 신고했더니 보복한다고 저희집 현관을 지속적으로 계속 발로 찹니다.,층간소음,1
위층에서 아이의 발소리가 너무 쿵쿵거려서 시끄러운데 말씀을 드려도 똑같습니다.,층간소음,1
층간소음때문에 위층에 이야기를 했는데 욕을하며 공격적으로 나오십니다.,층간소음,1
층간소음때문에 싸움이 났는데 와서 해결해주세요.,층간소음,1
위층이 너무 시끄러워서 미칠 것 같아요. ,층간소음,1
위층에서 오는 층간소음으로 인해 정말 불편합니다. 문제를 해결하기 위해 조치를 취해주세요.,층간소음,1
층간소음 때문에 잠도 제대로 못자고 있어요. ,층간소음,1
층간소음으로 인해 너무 큰 스트레스를 받고 있어요. ,층간소음,1
위층이 너무 시끄러워서 정말 답답합니다. ,층간소음,1
위층 주민의 층간소음으로 인해 일상 생활이 너무 어려워요. 와서 중재좀 부탁드려요. ,층간소음,1
위층 이웃의 시끄러운 생활로 인해 정말 답답합니다. 조용한 환경을 유지하기 위해 도움을 청합니다.,층간소음,1
위층 주민의 층간소음으로 인해 정말 고생하고 있습니다.,층간소음,1
위층 이웃의 시끄러운 행동으로 인해 정말 어려움을 겪고 있습니다. ,층간소음,1
층간소음으로 갈등이 계속 깊어지고 있습니다. 위층에 말씀을 드려봐도 오히려 화만 내시고 고칠 기미를 보이지 않습니다. ,층간소음,1
지금 저희 위층 아파트에서 쿵쿵거리는 소음이 정말 심각해서 너무 고통받고 있어요.,층간소음,1
층간소음 때문에 잠을 자는 것조차 어려워요. 와주셔서 해결해주시면 감사하겠습니다. ,층간소음,1
층간소음으로 인해 이웃 관계가 어려워지고 있습니다. 한번 더 말씀드렸다가는 큰 싸움으로 번질 것 같아요. ,층간소음,1
위층에서 나오는 소음은 마치 미니 공사 현장처럼 느껴집니다. 조용한 주거 환경을 유지하기 위한 조치가 필요합니다.,층간소음,1
윗집에서 계속 쿵쾅쿵쾅 거려요.,층간소음,1
공을 통통 튀기는 소리가 나서 미치겠어요.,층간소음,1
아이들 뛰는 소리가 너무 커서 잠을 못자겠어요.,층간소음,1
옆집에서 밤늦게까지 술마시고 노는 소리때문에 미치겠어요.,층간소음,1
윗층 세탁기소리가 너무 커서 일상생활을 할 수가 없어요.,층간소음,1
층간소음으로 인해 일상 생활이 크게 어려워져서 정말 답답하고 불편합니다. 와주셔서 해결 좀 부탁드립니다. ,층간소음,1
지금 애들이 학교 운동장쪽에서 불장난을 하고 있는데 불이 번질 것 같아서 와서 조취를 취하셔야할 것 같아요. ,화재,1
공원에서 캠프 파이어를 피우고 있는 사람들이 있어서 화재가 발생할 수 있습니다. 빠른 대응이 필요합니다.,화재,1
아파트 건물 내부에서 연기와 냄새가 풍기고 있습니다. 화재 발생 가능성을 우려하여 신고합니다.,화재,1
건설 현장에서 화재 경고를 신고합니다. 불이 퍼질 수 있는 상황입니다.,화재,1
상가 건물에서 화염과 연기가 발생하고 있습니다. 화재 대응을 위해 빠른 조치가 필요합니다.,화재,1
공장 내부에서 불꽃이 튀고 있어서 화재가 발생할 수 있습니다. 신속한 화재 대응을 부탁드립니다.,화재,1
주차장에서 한 차량의 차 내부에서 연기가 나는 것을 보았습니다.,화재,1
창고에서 불이 피우고 있는 상황을 목격했습니다. 화재로부터 안전한 대피를 부탁드립니다.,화재,1
제 이웃집에서 연기가 나오고 불냄새가 나서 화재가 일어날 것 같습니다. 빠른 소방대원의 출동이 필요합니다!,화재,1
누가 여기서 불꽃놀이를 하고 있는데 위험해보여서 와서 제지하셔야할 것 같아요. ,화재,1
누가 공원에서 라이터로 불장난을 하고 있어요.,화재,1
차량이 엄청 뜨거워지며 연기가 나는데 곧 불이날 것 같습니다.,화재,1
지금 밖에 연기랑 타는 냄새가 나요.,화재,1
옆 음식점에서 연기가 나오고 불냄새가 나서 화재가 일어날 것 같습니다,화재,1
불이날 것 같아요.,화재,1
지금 식당 주방에서 연기랑 탄내가 심하게 나는데 곧 불이 날 것 같아요.,화재,1
지금 너무 뜨거워져서 불이날것 같아요.,화재,1
차량 내부에서 불꽃이 튀고 있는 모습을 목격했습니다. 화재가 발생할 가능성이 큽니다.,화재,1
상가 내부에서 불꽃놀이가 벌어지고 있어서 화재로 이어질 수 있습니다.,화재,1
담배피는 사람이 꽁초를 산에 버렸는데 연기가 나는 것 같아요.,화재,1
아이들이 불장난을 하고 있어서 불날것같아요.,화재,1
쓰레기통에서 연기가 나고 있어요.,화재,1
옆집 창문에서 연기가 새어나오고 있어요.,화재,1
뒷산에서 불을 피우려는 사람들이 있어요.,화재,1
공원에서 사람들이 불을 피우고 있는 모습을 목격했습니다. ,화재,1
저희 가족 중 한 명이 갑자기 통화를 끊고 두 번 다시 연락이 되지 않습니다. 납치의 가능성이 우려됩니다.,가출/실종,1
제 친구가 약속 시간에 나타나지 않고 연락이 되지 않습니다. 납치 의심 사례로 보고하려고 합니다.,가출/실종,1
아이가 학교에서 몇시간째 돌아오지 않고 있습니다.,가출/실종,1
아이가 학교에서 돌아오지 않아 납치의 가능성이 있는 것 같습니다. ,가출/실종,1
주변에서 이상한 사람들에게 시달리던 친구가 갑자기 사라졌습니다. ,가출/실종,1
제 이웃이 이상한 사람들에게 끌려가서 사라졌다고 합니다.,가출/실종,1
친척이 학교로 향하려 했는데 도착하지 않아 납치 의심으로 신고하려고 합니다.,가출/실종,1
건물 내부에서 이상한 사람들이 사라진 사람을 끌고 나갔다고 합니다.,가출/실종,1
친구가 밤 늦게까지 몇시간 째 연락이 두절된 채 집에 돌아오지 않고 있습니다.,가출/실종,1
지인이 밤에 밖에 나가서 이틀째 돌아오지 않고 있습니다. ,가출/실종,1
실종때문에 신고 드립니다. ,가출/실종,1
친구가 방금 납치됐다고 연락을 받았어요. ,가출/실종,1
주변에서 이상한 사람들에게 시달리던 친구가 갑자기 사라졌습니다. 실종 가능성을 염두에 두고 신고합니다.,가출/실종,1
친구가 밤 늦게까지 연락이 되지 않고 집에 돌아오지 않았습니다. 실종 의심으로 신고하려고 합니다.,가출/실종,1
동생이 학원을 마친 후 집에 돌아오지 않았습니다. 연락도 되지 않습니다.,가출/실종,1
동생이 친구와 함께 공원에 놀러 갔는데 돌아오지 않았습니다. 실종 의심으로 신고합니다.,가출/실종,1
아이가 가출을 했는데 며칠째 연락이 두절된 채 집에 들어오지 않습니다.,가출/실종,1
노인분께서 저도 모르는 사이에 집을 나가서 어디있는지 모르겠습니다.,가출/실종,1
자고 일어나니 저희 할머니께서 사라지셔서 신고합니다.,가출/실종,1
저희 아들이 집을 나갔어요 돌아오질 않네요,가출/실종,1
검은색 반팔을 입은 할아버지가 집에서 나가셔서 들어오질 않으세요,가출/실종,1
학교간 딸이 하루가 지나도 돌아오질 않아요.,가출/실종,1
저희 딸이 집을 나갔는데 연락이 안 돼요.,가출/실종,1
아들이 가출했어요 도와주세요,가출/실종,1
아침에 일어나보니 할머니가 사라져서 어디에 있는지 전혀 알 수 없습니다. ,가출/실종,1
"주변 이웃으로부터 들리는 소리로 보아, 옆집에서 시끄럽게 말싸움을 벌이고 있는 것 같습니다. 가정폭력이 의심되는 상황입니다. ",가정폭력,2
"주소는 주공아파트 502호인데, 가정 내에서 아버지와 어머니 사이에 언쟁이 계속되고 있습니다. 상황이 악화되기 전에 도와주시길 부탁드립니다.",가정폭력,2
"이웃으로부터 들려오는 소리로 미루어봤을 때, 301호 집에서 가족 간 언쟁이 치열하게 이어지고 있는 듯합니다. 조속한 조치가 필요해 보입니다.",가정폭력,2
저희 아파트 201호에서 아빠와 아들 간에 말다툼이 잦아지고 있는 것 같습니다. 상황이 더 악화되기 전에 신고드립니다.,가정폭력,2
"산책 도중 지나가는 길에 들리는 소리로 보아, 704호에서 싸움이 일어나고 있는 것 같습니다. 가정폭력 가능성이 있어 보입니다.",가정폭력,2
이웃으로부터 저희 아파트 101호에서 시끄럽게 소리를 내고 있다는 신고가 들어왔습니다. 가정 내 갈등 예방을 위해 조사 요청드립니다.,가정폭력,2
"가정폭력 의심 신고로, 주소는 205호인데 부부 사이에 공격적인 언행이 계속되고 있다고 합니다. 조속한 확인 부탁드립니다.",가정폭력,2
"주민들로부터 들리는 소리로 보아, 402호에서 가족 구성원 간에 시비가 오가고 있는 것 같습니다. 폭력 발생 전 조치를 취해주세요.",가정폭력,2
이웃이 저희 아파트 301호에서 시끄러운 소리가 들려온다며 가정폭력 의심을 신고했습니다. 조속한 경찰 출동을 부탁드립니다.,가정폭력,2
가족 구성원 사이에 203호에서 말다툼이 지속되고 있다는 신고가 접수되었습니다. 폭력 사태를 예방하기 위한 조치를 취해주세요.,가정폭력,2
이웃이 저희 아파트 401호에서 어떤 사건이 발생하고 있는 것 같다며 도움을 청하고 있습니다. 가정 내 갈등 조사 부탁드립니다.,가정폭력,2
위층에서 고성과 함께 유리잔 깨지는 소리가 들려요.,가정폭력,2
옆집에서 물건 부서지는 소리가 나는데 확인 부탁드립니다.,가정폭력,2
옆집 아이가 몇시간째 쉬지않고 울고있어요.,가정폭력,2
옆집 부부가 몇시간째 소리지르면서 싸우는 것 같아요.,가정폭력,2
"주변 아파트에서 밤에 종종 소리가 들려, 가정폭력 가능성이 있습니다.",가정폭력,2
주말마다 이웃 집에서 소란스러운 소리와 말다툼이 있습니다.,가정폭력,2
동네에서 어떤 집에서 아이들의 우는 소리와 소동이 자주 들립니다.,가정폭력,2
아파트로부터 연속적인 소리와 소란이 들리고 있습니다.,가정폭력,2
우리 동네에서 특정 가정에서 가정폭력이 발생하고 있는 것 같습니다.,가정폭력,2
동네에서 어떤 집에서 밤새 소음과 싸움이 발생합니다.,가정폭력,2
가정폭력이 의심됩니다.,가정폭력,2
아파트로부터 소란과 소리가 자주 들리는데 확인해주세요.,가정폭력,2
옆집 아이가 항상 얼굴에 상처가 나있어요 가정폭력이 의심됩니다.,가정폭력,2
"주소는 104호인데, 가정 내에서 소란스런 소리가 들려와 가족 구성원 간의 충돌 가능성이 있어 보입니다. 신속한 조사 부탁드립니다.",가정폭력,2
"아침에 집에 돌아오니 아파트 203호에서 강도가 있었는지, 문과 창문이 열려있고 물건들이 흩어져 있습니다. ",일반절도,2
"어제 저녁에 외출하다가 집에 돌아온 결과, 405호에 강도가 발생한 모습을 발견했습니다. 신고한 즉시 조사해주세요.",일반절도,2
"저녁에 가족들이 모두 밖에 있었는데, 집 안이 어지럽혀져있어서 강도 사건이 의심됩니다. ",일반절도,2
"주소는 301호인데, 일주일 전에 강도가 발생한 것 같습니다. 흔적을 확인해주시고 조사 부탁드립니다.",일반절도,2
"상가를 운영하고 있는데, 아침에 열어보니 어제 밤 강도 사건이 발생한 모습입니다. ",일반절도,2
"이웃으로부터 들은 소식에 따르면, 102호 집에서 강도 사건이 발생한 것 같습니다.",일반절도,2
"아파트 504호에 거주하고 있는데, 몇일 전에 강도가 침입한 것으로 보입니다. ",일반절도,2
"가게 주인으로부터 받은 정보에 따르면, 어제 밤 강도가 들어와 물건을 훔쳐갔다고 합니다. ",일반절도,2
206호에서 발생한 강도 사건으로 인해 주민들이 불안해하고 있습니다. ,일반절도,2
저희 가게에 어제 밤 강도가 들어와 상당량의 물건을 훔쳐갔습니다.,일반절도,2
"주변 상인들의 증언에 따르면, 주말에 저녁시간대에 강도 사건이 발생한 것으로 보입니다. 신속한 조사를 부탁드립니다.",일반절도,2
주말 사이에 도둑이 들었었나봐요.,일반절도,2
베란다 문이 열려있고 집이 엉망진창이 됐어요.,일반절도,2
가게를 일주일 비웠는데 물건이 다 없어졌어요.,일반절도,2
호텔에 숙박중인데 귀중품이 사라졌어요.,일반절도,2
집에 며칠 전에 누가 들어와서 전자기기와 보석을 도난당했습니다.,일반절도,2
집에 몇 일 전에 모르는 사람이 들어와서 현금과 소중한 물건들을 훔쳐갔습니다.,일반절도,2
며칠 전에 우리 집에서 미확인된 사람이 집에 침입해서 물건을 훔쳐간 것으로 보입니다.,일반절도,2
집 안에서 물건이 사라진 것을 알았습니다.,일반절도,2
"집에 몇 일 전에 창문이 부서져 있고, 소중한 물건들이 사라진 것 같습니다.",일반절도,2
며칠 전에 우리 집에서 현금과 소중한 물건들이 사라진 것을 발견했습니다.,일반절도,2
"집에 몇 일 전에 문이 열려있는 것을 발견하고, 집 안에서 물건이 도난당한 것 같습니다.",일반절도,2
며칠 전에 우리 집에서 현금과 소중한 물건들이 도난당한 것으로 보입니다.,일반절도,2
제가 여행갈 때 창문을 열고 갔는데 서랍에 있던 지갑이 없어졌어요.,일반절도,2
휴가 갔다온 사이에 포스기 돈이 다 사라졌어요.,일반절도,2
저희 아파트 거주자들이 어제 강도 사건을 목격한 것 같습니다. 신고를 받아 조사를 진행해주세요.,일반절도,2
"골목길에서 시끄러운 소리가 나는 것을 듣고 가보니, 야간에도 불구하고 건물 안에서 도박 관련 활동이 이루어지고 있는 것 같습니다. 현장으로 출동해주세요.",도박,2
"호텔의 하층층에서 게임 소리가 들려오고 있으며, 객실 문 앞에서 돈을 걸고 플레잉 카드를 하는 사람들을 발견했습니다. 조속한 출동이 필요합니다.",도박,2
공원 내 한 모서리에서 여럿이 모여 도박을 하고 있는 모습을 포착했습니다. 경찰관분들의 도움이 필요합니다.,도박,2
지하철역 환승 구역에서 대화 소리와 함께 도박 관련 동작을 하는 사람들을 목격했습니다. 신속한 조치를 부탁드립니다.,도박,2
"건물의 지하실에서 강한 불냄새가 나며, 돈을 걸고 카드를 플레이하는 소리가 들립니다. 경찰님들의 도움을 청합니다.",도박,2
밤늦게까지 계속되는 아파트 단지 내에서의 도박 소음으로 인해 주민들이 불편을 겪고 있습니다. 조속한 조치가 필요합니다.,도박,2
고급 레스토랑에서도박 관련 장면을 목격했습니다. 고객들이 식사 중에도 돈을 걸고 카드를 뒤집고 있습니다. 신고 접수 후 현장 조사가 필요합니다.,도박,2
해상 크루즈 선박 내에서 도박을 하는 승객들을 확인했습니다. 선상에서도 도박이 진행되는 것으로 보입니다. 조속한 경찰 출동을 요청합니다.,도박,2
도시 공원에서 소음과 함께 도박 관련 활동을 하는 사람들을 발견했습니다. 경찰분들의 지원이 필요합니다.,도박,2
상가 내에서 가게 주인과 손님들이 도박을 하며 큰 소리로 시끄럽게 떠들고 있는 모습을 발견했습니다. 조속한 경찰 출동을 부탁드립니다.,도박,2
거리 모퉁이에서 소란스러운 도박 관련 활동을 하는 일련의 사람들을 목격했습니다. 경찰관분들의 조사가 필요합니다.,도박,2
아파트 건물 옥상에서 모르는 사람들끼리 도박 관련 활동을 하고 있었습니다. ,도박,2
도서관 컴퓨터에서 도박 웹사이트를 사용하려는 사람을 보았습니다. ,도박,2
아파트 지하 주차장에서 소음과 함께 도박 활동이 진행되고 있다는 것을 목격했습니다. ,도박,2
산책 중에 우연히 공원에서 도박 카드 게임을 하는 모임을 목격했습니다. ,도박,2
"지난 주말, 호텔에서 밤늦게까지 도박 소음으로 인해 주민들이 불편함을 겪었습니다.",도박,2
밤에도 불구하고 창문으로부터 밝은 빛과 함께 도박을 하는 사람들의 모습을 볼 수 있습니다. 경찰분들의 도움이 필요합니다.,도박,2
외국인들이 소리를 지르며 돈을 걸고 카드게임을 하고 있습니다.,도박,2
어떤 사람이 공공 장소에서 카지노 칩을 사용하여 도박하는 것을 보았습니다.,도박,2
하우스에서 돈걸고 카드게임 하는 걸 목격했어요.,도박,2
도박 카지노에서 이른바 고액 베팅이 빈번하게 일어나고 있습니다.,도박,2
불법 게임을 운영하는 피시방을 목격했습니다.,도박,2
길거리에서 카드게임을 하는데 큰 돈이 걸려있어요,도박,2
밤에도 불구하고 창문으로부터 밝은 빛과 함께 도박을 하는 사람들의 모습을 볼 수 있습니다. 경찰분들의 도움이 필요합니다.,도박,2
주변 거리에서 여성들을 남자들과 함께 다니며 화목한 척하며 알선하는 모습을 목격했습니다. 신속한 경찰 조치가 필요합니다.,성매매/알선,2
밤늦게까지도 계속되는 술집에서 여성들이 남성들에게 술을 대접하며 성매매 현장을 발견했습니다. 출동해주세요.,성매매/알선,2
야간에도 불구하고 거리 모퉁이에서 성매매를 시도하는 사람들을 목격했습니다. 경찰님들의 지원이 필요합니다.,성매매/알선,2
고급 호텔 주변에서 여성들이 남성들과 함께 입장하는 모습을 확인했습니다. 성매매의 가능성이 높아 보입니다. 조속한 경찰 출동을 부탁드립니다.,성매매/알선,2
주택가에서 성매매 현장을 목격했습니다. 남성들이 자주 오가며 여성들을 찾고 있는 모습이 보입니다. 경찰관분들의 조사가 필요합니다.,성매매/알선,2
지하철 역 주변에서 성매매 현장을 포착했습니다. 사람들이 의심스럽게 움직이며 알선을 시도하고 있는 것 같습니다. 신고 접수 후 조속한 조사를 요청합니다.,성매매/알선,2
도심의 어두운 골목에서 여성 한 명과 남성 둘 사이에 이상한 상황을 발견했습니다. 성매매 혹은 알선의 가능성을 의심하고 있습니다. 현장으로 출동 부탁드립니다.,성매매/알선,2
고속도로 휴게소 주변에서 여성들이 차 안에서 남성들과 접촉하며 성매매를 시도하고 있는 것으로 보입니다. 경찰님의 지원이 필요합니다.,성매매/알선,2
밤에도 불구하고 주택가에서 성매매 현장을 목격했습니다. 여성들이 집으로 들어가며 돈을 주고 받는 상황을 발견했습니다. 조속한 경찰 출동을 부탁드립니다.,성매매/알선,2
주변에서 여성들이 호텔 주소와 함께 이동하며 성매매를 시도하는 모습을 포착했습니다. 경찰관분들의 도움이 필요합니다.,성매매/알선,2
산책로에서 여성 한 명과 남성 둘이 어둠에 숨어 서로에게 돈을 건네고 있는 상황을 발견했습니다. 신속한 경찰 조치가 필요합니다.,성매매/알선,2
성매매를 알선하려는 시도를 목격했습니다.,성매매/알선,2
도로 가로등 부근에서 성매매 알선이 일어나는 것 같아요 ,성매매/알선,2
성매매 시도와 관련된 의심스러운 행동을 봤어요.,성매매/알선,2
성매매 알선을 시도하는 사람들로 인해 동네 안전에 대한 우려가 있습니다.,성매매/알선,2
성매매 관련 홍보와 알선 활동이 공공 장소에서 빈번히 나타나고 있습니다.,성매매/알선,2
학교 근처에서 성매매하는 장소가 있는 것 같아요.,성매매/알선,2
성매매 광고 전단지를 발견했어요.,성매매/알선,2
인터넷에서 조건만남 구인하는 글을 봤어요.,성매매/알선,2
SNS에서 성매매 서비스를 홍보하는 계정들을 확인했습니다.,성매매/알선,2
성매매 하는 무리를 발견했어요.,성매매/알선,2
성매매 업소로 의심되는 건물이 있어요.,성매매/알선,2
특정 차량이 도시 내에서 여성들을 태우고 이동하며 성매매 알선을 시도하는 것을 목격했습니다.,성매매/알선,2
여성들을 수송하고 성매매 알선을 시도하는 것 같아요,성매매/알선,2
도심에서도 여성들이 거리 모퉁이에서 남성들과 만나 성매매를 시도하는 모습을 목격했습니다. 경찰분들의 도움이 필요합니다.,성매매/알선,2
골목길에서 남성 한 명이 상체를 완전히 노출한 채로 걸어다니며 주변을 시선으로 봐다보고 있습니다. 신속한 경찰 조사를 부탁드립니다.,과도노출,2
주차장에서 여성 한 명이 눈에 띄게 아무 것도 걸치지 않고 다니며 주변을 둘러보고 있습니다. 경찰분들의 도움이 필요합니다.,과도노출,2
시내 상업지역에서 낮에도 불구하고 남성들이 상체만 가리고 있는 상태로 거리를 돌아다니며 주변을 시선으로 스캔하고 있는 모습을 발견했습니다. 출동해주세요.,과도노출,2
공원 내에서 대규모로 무거운 의상 없이 다니는 사람들이 모여있는 모습을 확인했습니다. 경찰관분들의 지원이 필요합니다.,과도노출,2
지하철 역 주변에서 여성 한 명이 주목받을 의도로 상체를 노출하며 다니고 있는 것 같습니다. 신고 접수 후 조속한 조사를 요청합니다.,과도노출,2
상가 내에서 남성 한 명이 현행범과도 같은 상태로 다니며 주변을 둘러보고 있습니다. 경찰님들의 지원이 필요합니다.,과도노출,2
거리 모퉁이에서 남성들이 과도하게 노출된 상태로 행동하며 눈에 띄게 돌아다니고 있는 모습을 포착했습니다. 출동해주세요.,과도노출,2
고속도로 휴게소 주변에서 남녀들이 아무 것도 걸치지 않은 채로 주변을 둘러보며 다니고 있는 상황을 발견했습니다. 신속한 조치가 필요합니다.,과도노출,2
밤에도 불구하고 거리 모퉁이에서 여성 한 명이 상체를 노출한 채로 다니며 눈에 띄게 행동하고 있는 모습을 확인했습니다. 조속한 경찰 출동을 부탁드립니다.,과도노출,2
상점 앞에서 남성 둘이 서로 경쟁하듯이 과도하게 노출된 상태로 다니며 주변을 훑어보는 모습을 목격했습니다. 경찰분들의 도움이 필요합니다.,과도노출,2
주택가에서 여성 한 명이 주변 시선을 끌기 위해 과도하게 노출된 상태로 다니며 거리를 돌아다니고 있는 상황을 발견했습니다. 출동해주세요.,과도노출,2
도로에서 여러 명의 개인들이 하체를 노출하고 있습니다.,과도노출,2
공원 내에서 부적절한 자세로 상체를 노출하는 사람들을 발견했습니다.,과도노출,2
변태자식이 공공 장소에서 신체 일부를 노출하고 있습니다.,과도노출,2
도로 가로등 부근에서 성적으로 부적절한 신체 노출 행위를 하는 사람들을 목격했습니다.,과도노출,2
도로 주변에서 신체 노출 행위로 인해 안전과 공공 질서가 위협받고 있습니다.,과도노출,2
도로 주변에서 여러 사람들이 신체 일부를 노출하고 있는 상황입니다.,과도노출,2
상점 창문에서 공공 장소에서 신체 노출 행위를 하는 여러 명의 개인들을 목격했습니다.,과도노출,2
신체 노출 행위를 하는 차량을 목격했습니다.,과도노출,2
공원에서 상체를 노출한 개인들이 어린이들 주변에 있습니다.,과도노출,2
바바리맨이 지하철 역에서 노출을 시도하고 있는 것을 목격했습니다.,과도노출,2
바바리맨이 도로에서 불건전한 노출하고 있어 주민들이 놀라고 있습니다.,과도노출,2
도로에서 바바리맨의 노출로 인해 동네 주민들이 불안함을 느끼고 있습니다.,과도노출,2
길거리에서 불쾌하게 옷을벗고 돌아다니는 사람들이 있어요.,과도노출,2
지하철역 출구에서 남성 두 명이 피켓을 들고 아무 것도 입지 않은 채로 행동하며 주변을 시선으로 감시하고 있는 것 같습니다. 신속한 경찰 조사를 요청합니다.,과도노출,2
골목길에서 어린 청소년들에게 알콜 음료를 판매하는 모습을 발견했습니다. 경찰분들의 신속한 조치를 부탁드립니다.,무허가주류/담배,2
밤늦게까지도 계속되는 편의점에서 만 18세 이하로 보이는 청소년들에게 술과 담배를 판매하고 있는 것으로 확인되었습니다. 출동해주세요.,무허가주류/담배,2
상가 내 한 가게에서 중학생으로 보이는 친구들에게 담배를 팔고 있는 상황을 발견했습니다. 조속한 경찰 조사가 필요합니다.,무허가주류/담배,2
주변에서 여러 명의 미성년자들이 알콜 음료를 구매하고 있는 모습을 목격했습니다. 경찰님들의 지원이 필요합니다.,무허가주류/담배,2
시내 공원에서도 만 18세 미만으로 판단되는 청소년들이 담배를 씹거나 피우며 활동하는 것을 확인했습니다. 신속한 조치를 요청드립니다.,무허가주류/담배,2
고등학교 근처 편의점에서 친구들이 알콜 음료를 사려고 시도하며 불법적인 활동을 시도하고 있는 상황을 발견했습니다. 경찰분들의 도움이 필요합니다.,무허가주류/담배,2
아파트 단지 내에서도 만 18세 이하로 보이는 청소년들이 담배를 구매하려는 모습을 포착했습니다. 조속한 경찰 출동을 부탁드립니다.,무허가주류/담배,2
거리 모퉁이에서 청소년들이 허가 없이 알콜 음료와 담배를 구입하려고 시도하고 있는 모습을 발견했습니다. 출동해주세요.,무허가주류/담배,2
밤에도 불구하고 편의점에서 만 18세 미만으로 보이는 친구들이 담배와 술을 구매하려는 시도를 하는 상황을 확인했습니다. 조속한 경찰 조사를 요청합니다.,무허가주류/담배,2
지하철 역 주변에서도 미성년자들이 담배를 구매하려는 시도를 하는 것을 발견했습니다. 경찰분들의 도움이 필요합니다.,무허가주류/담배,2
학교 근처 휴게소에서도 중학생으로 보이는 친구들이 알콜 음료를 구매하려는 모습을 확인했습니다. 신속한 경찰 조치를 부탁드립니다.,무허가주류/담배,2
상점에서 미성년자에게 주류를 판매하는 것을 목격했습니다.,무허가주류/담배,2
슈퍼마켓에서 미성년자에게 주류가 판매되고 있는 상황입니다.,무허가주류/담배,2
동네 주변에서 미성년자들이 주류를 쉽게 구매하고 있다고 알려드립니다.,무허가주류/담배,2
주변 가게에서 미성년자들에게 주류를 판매하는 것을 관찰했습니다.,무허가주류/담배,2
어린애들한테 주류를 판매하고 있는 사람들을 신고합니다.,무허가주류/담배,2
슈퍼마켓 주변에서 미성년자들이 주류를 구매하는 상황을 발견했습니다.,무허가주류/담배,2
미성년자에게 주류를 판매로 인해 동네 안전과 공공 질서가 위협받고 있습니다.,무허가주류/담배,2
미성년자들이 상점에서 주류를 쉽게 구매하고 있어 주민들이 우려하고 있습니다.,무허가주류/담배,2
고등학생한테 담배를 파는 것 같아요.,무허가주류/담배,2
편의점에서 교복을 입고있는 사람에게 담배를 팔아요.,무허가주류/담배,2
청소년으로 추정되는 사람들이 담배를 사려고 해요.,무허가주류/담배,2
음식점에서 고등학생들이 소주를 시켰어요.,무허가주류/담배,2
도로 주변에서 미성년자들이 담배를 쉽게 구매하고 있는 상황입니다.,무허가주류/담배,2
공원 내에서 만 18세 이하로 보이는 청소년들이 허가 없이 담배를 구매하려는 시도를 하는 상황을 발견했습니다. 경찰분들의 출동이 필요합니다.,무허가주류/담배,2
주차장에서 식당을 나오려는 손님이 계산 없이 달아나려는 모습을 발견했습니다. 경찰분들의 신속한 조치를 부탁드립니다.,무전취식,2
상점 앞에서 밥을 먹고 계산을 하지 않은 채로 도망가려는 손님들을 목격했습니다. 조속한 경찰 출동을 요청합니다.,무전취식,2
거리 모퉁이에서 여러 명의 손님이 식당에서 밥을 먹은 뒤 계산 없이 달아나는 모습을 확인했습니다. 출동해주세요.,무전취식,2
밥을 먹은 후 계산을 하지 않고 식당을 빠져나가려는 사람들을 주차장에서 목격했습니다. 경찰님들의 지원이 필요합니다.,무전취식,2
가로수길 카페에서 계산을 하지 않은 채로 밖으로 나가려는 손님들을 발견했습니다. 신속한 조치가 필요합니다.,무전취식,2
도심의 레스토랑에서도 손님이 계산 없이 밖으로 나가려는 모습을 확인했습니다. 경찰분들의 도움이 필요합니다.,무전취식,2
공원 내에서도 밥을 먹은 후 계산 없이 도망치려는 손님들을 목격했습니다. 조속한 경찰 조사를 부탁드립니다.,무전취식,2
피자 가게에서 밥을 먹은 뒤에도 계산 없이 나가려는 손님들을 발견했습니다. 출동해주세요.,무전취식,2
쇼핑몰 식당에서도 손님이 계산 없이 밖으로 나가려는 모습을 확인했습니다. 경찰님들의 지원이 필요합니다.,무전취식,2
골목길에 위치한 식당에서 밥을 먹은 후 계산 없이 달아나려는 손님들을 목격했습니다. 신속한 경찰 조치를 요청합니다.,무전취식,2
대형 백화점 내 식당에서도 계산을 하지 않고 나가려는 손님들을 발견했습니다. 경찰분들의 도움이 필요합니다.,무전취식,2
손님이 보쌈 5만원어치를 먹고 그냥 가셨어요.,무전취식,2
새벽에 남자 두 명이 와서 음식을 드시고 2만원 가량이 나왔는데 내지 않고 도망갔어요.,무전취식,2
식당에서 고기와 음료를 주문한 후에 돈을 내지 않고 먹고 떠났습니다.,무전취식,2
카페에서 커피를 마신 후에 계산을 요청하지 않고 무전취식을 했습니다.,무전취식,2
레스토랑에서 음식을 주문하고 식사를 한 뒤에 계산을 요청하지 않고 나갔습니다.,무전취식,2
바에서 음료를 주문하고 돈을 내지 않고 무단으로 나갔습니다.,무전취식,2
편의점에서 물건을 집어들고 계산없이 나가려고 시도했습니다.,무전취식,2
마트에서 쇼핑하고 물건을 가방에 넣은 채 계산 없이 나가려고 했습니다.,무전취식,2
술집에서 술을 마신 후 계산 없이 나가려고 시도했습니다.,무전취식,2
아이스크림 가게에서 아이스크림을 먹고 돈을 지불하지 않고 나가려고 했습니다.,무전취식,2
가게 주인이 나간 사이 계산을 하지 않고 나가는 손님들을 발견했습니다.,무전취식,2
외국인들이 돈이 없다며 식당에서 도망치는 상황을 목격했습니다.,무전취식,2
레스토랑에서 계산을 했다고 거짓말치고 도망친 커플을 발견했습니다.,무전취식,2
시내 까페에서도 손님이 계산 없이 밖으로 빠져나가려는 상황을 확인했습니다. 조속한 경찰 출동을 부탁드립니다.,무전취식,2
방금 전화가 왔는데 현재 저희 가족 한 명이 위험한 상황에 있다며 긴급한 도움을 요청하고 있습니다. 보이스피싱 의심이 들어 전화합니다.,보이스피싱,2
"아까부터 이상한 전화가 계속 와서, 현재 저희가 긴급한 상황에 처해있다며 돈을 보내라고 하고 있습니다. 보이스피싱 의심으로 문의합니다.",보이스피싱,2
전화기에 아들의 목소리처럼 들리는 사람이 돈을 보내라고 요구하고 있습니다. 현재 상황을 파악하기 위해 전화드립니다.,보이스피싱,2
방금 카톡으로 아내의 통화 소리를 녹음한 듯한 음성 메시지가 왔습니다. 보이스피싱 의심으로 현재 전화를 드립니다.,보이스피싱,2
현재 친구의 음성으로 들리는 전화가 와서 긴급한 돈 문제로 연락을 한 것 같습니다. 보이스피싱인지 확인해보려고 전화합니다.,보이스피싱,2
전화기에 부모님의 목소리로 들리는 사람이 돈을 보내라며 급한 상황에 처해있다고 말하고 있습니다. 보이스피싱 의심으로 문의합니다.,보이스피싱,2
"아들의 목소리를 녹음한 듯한 음성으로 전화가 왔는데, 긴급하게 돈을 보내라고 하고 있습니다. 보이스피싱인지 확인해보려고 전화합니다.",보이스피싱,2
현재 친척이 위급한 상황에 처해져서 돈을 보내달라는 메시지가 왔습니다. 보이스피싱 의심으로 현재 상황을 확인하기 위해 전화드립니다.,보이스피싱,2
아들의 음성으로 들리는 전화가 와서 긴급하게 돈을 보내달라고 요구하고 있습니다. 보이스피싱 의심으로 문의합니다.,보이스피싱,2
방금 전화기에 부모님 목소리처럼 들리는 사람이 돈을 보내라며 긴급한 상황에 처해있다고 전달하고 있습니다. 보이스피싱인지 확인해보려고 전화합니다.,보이스피싱,2
"아들의 음성을 녹음한 듯한 메시지가 왔는데, 긴급하게 돈을 보내달라고 하고 있습니다. 보이스피싱 의심으로 현재 상황을 파악하기 위해 전화드립니다.",보이스피싱,2
우리 아들 목소리로 구글 기프트카드를 사달라는 전화를 받았는데 보이스피싱 같아요.,보이스피싱,2
서울중앙지검이라면서 개인정보를 털어가려는 전화를 받았어요.,보이스피싱,2
은행 계좌가 잠겼다고 풀려면 비밀번호와 주민등록번호를 알려달라는 전화를 받았어요.,보이스피싱,2
신용카드가 도용되었다는 보이스피싱 의심되는 전화를 받았어요.,보이스피싱,2
신용점수 올려준다고 계좌 정보랑 개인정보를 요구하는 문자를 받았습니다.,보이스피싱,2
은행 관계자라고 하는 사람이 전화해서 계좌 정보를 확인해야 한다고 합니다.,보이스피싱,2
방금 전화를 받았는데 카드사 직원인 척하며 카드 번호와 보안 코드를 물어봅니다.,보이스피싱,2
세금 체납으로 경찰서에서 조사한다며 주민등록번호를 물어봅니다.,보이스피싱,2
카카오톡 메시지로 친구가 긴급 돈을 보내달라고 하는데 보이스피싱같아요,보이스피싱,2
제 이름과 생년월일을 알고있는 사람이 전화로 돈을 보내달라고 요구하였습니다.,보이스피싱,2
해외에 있는 딸이 휴대폰을 잃어버렸다고 처음보는 계좌로 돈을 보내달라고 하였습니다.,보이스피싱,2
은행 직원으로 추정되는 사람이 전화와서 돈을 출금하라고 요청하였습니다.,보이스피싱,2
보이스피싱으로 의심되는 전화를 받았어요.,보이스피싱,2
방금 전화로 들린 친구의 목소리처럼 들리는 사람이 돈을 보내달라며 급한 상황에 처해있다고 전달하고 있습니다. 보이스피싱 의심으로 문의합니다.,보이스피싱,2
주변 상가에서 손님이 분노 상태로 가게 창문을 치고 부수는 모습을 발견했습니다. ,손괴,2
밤에도 불구하고 아파트 현관에서 손관을 행사하려는 사람을 목격했습니다. ,손괴,2
거리 모퉁이에서 사람이 힘으로 건물의 문을 부수며 손괴하려는 모습을 확인했습니다. ,손괴,2
공원 내에서 누군가가 공공시설을 힘으로 파손하려는 모습을 발견했습니다. ,손괴,2
현재 아파트 단지에서 손님이 건물 구조물을 힘으로 파손하고 있는 상황을 목격했습니다. ,손괴,2
주차장에서 어떤 남자가 차량을 힘으로 파손하려는 모습을 확인했습니다. ,손괴,2
상가 내에서 손님이 상품을 힘으로 부수고 남겼다는 보고를 받았습니다. ,손괴,2
도심 거리에서 사람이 건물 창문을 힘으로 부숴 손괴하려는 상황을 발견했습니다. 경찰관분들의 도움이 필요합니다.,손괴,2
주택가에서 누군가가 집 문을 힘으로 부수며 손괴하려는 모습을 확인했습니다. 출동해주세요.,손괴,2
밤에도 불구하고 건물 외벽에서 손님이 벽을 힘으로 파손하려는 모습을 목격했습니다. 신속한 경찰 조사를 요청합니다.,손괴,2
시내 중심부에서 사람이 건물 구조물을 힘으로 파손하려는 모습을 발견했습니다. 경찰분들의 도움이 필요합니다.,손괴,2
여행을 다녀왔는데 집 창문이 다 깨져있어요.,손괴,2
CCTV로 확인했는데 어떤 남자가 간판을 부수고 갔어요.,손괴,2
가게 손님들이 싸우더니 가게 테이블을 박살내고 갔어요.,손괴,2
주차장에 차를 대놓고 밥을 먹고 왔는데 앞유리가 망가져있어요.,손괴,2
이번 주에 가게 앞 유리 문이 도난으로 인해 깨졌습니다.,손괴,2
집 뒷마당의 정원 조명이 고장나고 파손되었습니다.,손괴,2
공공 시설의 벽이 낙서로 훼손되었습니다.,손괴,2
공원에서 벤치가 알 수 없는 이유로 파손되었습니다.,손괴,2
길거리에 주차되어 있는 차가 며칠전 유리창이 깨진채로 방치되어 있습니다.,손괴,2
잠겨있는 카페 문을 계속 누가 힘으로 밀고 있습니다.,손괴,2
편의점 앞 테이블을 누군가가 아까부터 계속 발로 차고 있습니다.,손괴,2
주택 정원에서 화분과 식물이 고의로 손상되어 신고합니다.,손괴,2
누가 저희집 벽에 벽돌을 던지고 갔습니다.,손괴,2
아파트 단지 내에서 손님이 다른 건물의 문을 힘으로 부수며 손괴하려는 상황을 발견했습니다. 조속한 경찰 출동을 부탁드립니다.,손괴,2
최근에 계속해서 낯선 남성이 제 스케줄을 파악한 듯이 저를 따라다니고 있는 것 같아요. 경찰관분들의 도움을 부탁드립니다.,강제추행/강간,2
학교 근처에서 저를 꾸준히 따라다니며 음흉한 시선을 보내는 남성이 있습니다. 경찰분들의 신속한 조사를 요청합니다.,강제추행/강간,2
"지난 주부터 같은 시간에 항상 저를 따라다니는 남성이 있는데, 상황이 불안합니다. 경찰관분들의 지원이 필요합니다.",강제추행/강간,2
"공공장소에서 남성 한 명이 제 모습을 계속 촬영하려는 듯한 행동을 하는데, 불쾌하고 위험해요. 조속한 조사를 부탁드립니다.",강제추행/강간,2
학교 내에서 한 학생이 저에게 성적으로 불쾌한 말을 지속적으로 하며 괴롭히고 있습니다. 신속한 대응이 필요합니다.,강제추행/강간,2
지하철에서 남성 한 명이 저와 가까이 다가와 성적인 발언을 하며 불쾌한 상황을 만들었습니다. 경찰분들의 도움이 필요합니다.,강제추행/강간,2
주변에서 항상 저에게 부적절한 언행을 하는 남성이 있어서 불안하고 위험한 느낌입니다. 조속한 조사를 요청합니다.,강제추행/강간,2
가게에 들어온 손님이 저에게 성적인 농담을 하며 불쾌한 상황을 만들었습니다. 경찰관분들의 지원이 필요합니다.,강제추행/강간,2
일상 생활에서 항상 남성들이 저에게 음욕적인 언행을 하려고 하는 것 같아요. 조속한 대응을 부탁드립니다.,강제추행/강간,2
학교 내에서 저를 향해 성적인 언행을 하고 시선을 보내는 남성이 계속해서 있습니다. 경찰분들의 신속한 조사를 요청합니다.,강제추행/강간,2
도서관에서도 저에게 성적으로 불쾌한 시선을 보내는 남성이 있어서 불안하고 위험합니다. 경찰님들의 도움이 필요합니다.,강제추행/강간,2
낯선 남성이 저를 따라오는 것 같아요.,강제추행/강간,2
버스에서 내 옆에 앉은 사람이 불쾌한 접근을 시도했어요.,강제추행/강간,2
골목에서 다가오는 남성이 제 손을 잡으려고 했어요.,강제추행/강간,2
지하철에서 불쾌한 접촉을 당했어요.,강제추행/강간,2
밀집하지 않은 버스에서 저에게 계속 지나치게 밀착하는 남성이 있어 불쾌합니다.,강제추행/강간,2
귀갓길에 계속 저를 따라오는 사람이 있어 불안합니다.,강제추행/강간,2
술집에서 옆테이블 남성들이 계속 저희를 상대로 성적인 농담을 하고있어 불안합니다.,강제추행/강간,2
술에 많이 취한 듯해 보이는 남성이 공원에서 계속 따라오며 말을 겁니다.,강제추행/강간,2
쇼핑몰에서 한 남성이 저를 따라다니는 것 같아요.,강제추행/강간,2
주택 주변에서 나를 강제적으로 밀어서 안으로 들려고 했습니다.,강제추행/강간,2
"밤에 걷고 있을 때, 무리 중 한 명이 나를 강제로 데려가려 했습니다.",강제추행/강간,2
"어제 밤, 술집에서 나를 강제적으로 술에 취하게 만들려 했던 남성이 있었습니다.",강제추행/강간,2
자꾸 따라오면서 추행을 시도하려는 사람이 있어요.,강제추행/강간,2
"학원에서 저를 괴롭히려는 남학생이 있는데, 성적인 언행을 하며 접근합니다. 조속한 경찰 출동을 부탁드립니다.",강제추행/강간,2
인터넷 커뮤니티에서 내일 동네 공원에서 폭력을 일으킬 것을 예고하는 글이 올라왔습니다. 경찰분들의 신속한 조치를 부탁드립니다.,범행예고,2
소셜 미디어에서 내일 밤 동네 상가에서 불법 행위를 할 것을 암시하는 글을 발견했습니다. 조속한 경찰 조사를 요청합니다.,범행예고,2
도시락 가게에서 내일 손님들에게 해를 끼칠 것을 예고하는 글을 인터넷에 발견했습니다. 경찰관분들의 도움이 필요합니다.,범행예고,2
지역 커뮤니티에서 다가오는 주말에 상점을 털 것을 예고하는 글을 확인했습니다. 경찰님들의 신속한 대응이 필요합니다.,범행예고,2
인터넷 포럼에서 다음 주 토요일 도서관을 혼란스럽게 만들 것을 암시하는 글을 발견했습니다. 조속한 경찰 조사를 부탁드립니다.,범행예고,2
소셜 미디어에 내일 학교에서 치안 상황을 불안하게 만들 것을 예고하는 글이 올라왔습니다. 경찰분들의 도움을 요청합니다.,범행예고,2
동네 포털 사이트에서 내일 공원에서 범죄를 일으킬 것을 암시하는 글을 발견했습니다. 신속한 조치가 필요합니다.,범행예고,2
온라인 그룹에서 내일 마트에서 사람들을 위협할 것을 예고하는 글을 확인했습니다. 경찰관분들의 지원이 필요합니다.,범행예고,2
소셜 미디어에서 다가오는 주말에 학교에서 위험한 행동을 할 것을 암시하는 글을 발견했습니다. 조속한 조사를 요청합니다.,범행예고,2
인터넷 포럼에서 내일 도시의 중심가에서 행동을 일으킬 것을 암시하는 글이 올라왔습니다. 경찰분들의 신속한 대응이 필요합니다.,범행예고,2
지역 온라인 커뮤니티에서 다음 주에 학교 근처에서 사람들을 위협할 것을 예고하는 글을 확인했습니다. 경찰님들의 지원이 필요합니다.,범행예고,2
"어제 밤, 친구가 학교 폭력을 예고하고 있었어요.",범행예고,2
인터넷에서 무단 침입을 예고하는 글을 발견했습니다.,범행예고,2
어떤 사람이 난동을 부리겠다는 문자를 받았어요.,범행예고,2
"어제, 학교에서 학생들 간의 싸움을 예고하는 이야기를 들었습니다.",범행예고,2
당근마켓에서 금융 사기를 계획하고 있는 사람이 있어요.,범행예고,2
지난 주에 이웃이 집에 침입하려는 계획을 어떻게 알게 되었습니다.,범행예고,2
"몇 일 전, 소셜 미디어에서 폭력적인 시위를 예고하는 게시물을 보았습니다.",범행예고,2
금주에 어떤 사람이 직장에서 폭력적인 행동을 계획하고 있다는 소문을 들었습니다.,범행예고,2
SNS에서 범행을 예고하는 글을 발견했습니다.,범행예고,2
"어제, 이웃이 가족에게 폭력을 가할 계획을 듣게 되었습니다.",범행예고,2
최근에 어떤 이가 사회적인 불만을 표출하며 시위를 계획하고 있다는 것을 알게 되었습니다.,범행예고,2
인터넷 커뮤니티에서 내일 지하철에서 살해를 할 것이라는 글을 발견했습니다.,범행예고,2
인터넷 방송에서 일반인과 싸움이 붙어 폭행하러 간다고 이야기하는 것을 보았습니다,범행예고,2
도시락 가게의 소셜 미디어 페이지에서 내일 손님들에게 해를 끼칠 것을 암시하는 글이 올라왔습니다. 조속한 경찰 조사를 부탁드립니다.,범행예고,2
공원 내에서 한 그룹이 크게 시비를 거며 다른 시민들의 평화로운 시간을 방해하고 있는 것 같습니다. 경찰분들의 신속한 조치를 부탁드립니다.,시비난동행패소란,2
상가에서 손님이 시끄럽게 난동을 피우며 주변 상인과 시민들을 불안하게 만드는 모습을 목격했습니다. 조속한 경찰 출동을 요청합니다.,시비난동행패소란,2
도심 거리에서 어떤 그룹이 다른 시민들에게 시비를 걸고 소란을 피우며 상황을 혼란스럽게 만드는 것 같습니다. 경찰님들의 도움이 필요합니다.,시비난동행패소란,2
공원 입구에서 남성 그룹이 시끄럽게 떠들며 다른 시민들의 평화로운 환경을 방해하고 있는 것 같아요. 경찰분들의 신속한 대응을 부탁드립니다.,시비난동행패소란,2
거리 모퉁이에서 젊은 이들이 시비를 거며 소란을 피우고 있는 모습을 확인했습니다. 조속한 경찰 조사를 요청합니다.,시비난동행패소란,2
상점 앞에서 남성들이 과도한 시끄러운 행동으로 다른 시민들을 괴롭히고 있는 것 같습니다. 경찰관분들의 지원이 필요합니다.,시비난동행패소란,2
도시락 가게에서 손님이 시비를 거며 소란을 피우고 있는 상황을 발견했습니다. 신속한 경찰 조사를 부탁드립니다.,시비난동행패소란,2
지하철에서 남성 그룹이 다른 승객들에게 시비를 걸며 불안한 상황을 만드는 것 같습니다. 경찰님들의 신속한 조치가 필요합니다.,시비난동행패소란,2
동네 공원에서 소란을 피우며 시비를 거는 소리가 들려와 경찰분들의 도움을 요청합니다.,시비난동행패소란,2
거리를 지나가는데 시끄러운 소란이 들려와 남자 그룹이 다른 시민들에게 시비를 걸고 있습니다. 경찰분들의 지원이 필요합니다.,시비난동행패소란,2
아파트 단지 내에서도 시비를 거며 소란을 피우는 소리가 들리고 있어 경찰관분들의 도움을 청합니다.,시비난동행패소란,2
아파트 단지에서 주민들 간의 시비와 언쟁이 계속되고 있습니다.,시비난동행패소란,2
최근에 공원에서 무리가 시비를 걸어 다른 사람들을 괴롭히고 있었습니다.,시비난동행패소란,2
금주에 바로 옆 아파트에서 큰 소음과 시비가 들려 왔습니다.,시비난동행패소란,2
이웃이 늦은 밤에 큰 시끄러운 소란을 일으킵니다.,시비난동행패소란,2
공공 장소에서 술에 취한 사람이 시비를 걸어 다른 사람들을 괴롭혔습니다.,시비난동행패소란,2
이번주에 아파트 단지에서 거주자 간의 시비와 소란이 지속되었습니다.,시비난동행패소란,2
술집에서 손님들 간에 큰 언쟁과 시비가 있었습니다.,시비난동행패소란,2
학교 앞 편이점인데요 시비와 난동이 있었습니다.,시비난동행패소란,2
"몇 일 전, 아파트 단지에서 주민들 간에 큰 시끄러운 소란이 있었습니다.",시비난동행패소란,2
지난 주에 주택에서 시비로 인해 경찰이 출동했습니다.,시비난동행패소란,2
이웃이 자주 음악을 크게 틀어 소란을 일으키고 있습니다.,시비난동행패소란,2
20분 전에 상점 앞에서 손님들 간의 시비와 혼란이 있었습니다.,시비난동행패소란,2
지난 주에 학교 주변에서 소란 소음과 함께 학생들 간의 시비가 있었습니다.,시비난동행패소란,2
최근에 이웃이 애완견의 짖음 소리로 인해 시비를 일으키고 있습니다.,시비난동행패소란,2
아파트 단지 내에서 파티 소리로 인해 밤에 잠을 잘 수가 없습니다. 다른 주민들도 불편해하고 있습니다.,일반소음,2
공원에서 사람들이 큰 소리로 떠들면서 놀고 있어서 주변 주민들의 평온한 환경이 방해되는 것 같습니다.,일반소음,2
도로변 카페에서 사람들이 큰 소리로 노래를 부르며 떠들고 있어서 주변 상가들의 평화가 깨지고 있습니다.,일반소음,2
주택가에서 아이들이 놀면서 큰 소리로 웃고 떠드는 모습이 들려와 주변 이웃들이 불편해하고 있습니다.,일반소음,2
골목길에서 사람들이 모여서 큰 소리로 이야기하고 있어서 지나가는 사람들의 평온함이 방해되고 있습니다.,일반소음,2
카페에서 손님들이 큰 소리로 이야기하면서 웃고 있어서 다른 손님들이 조용한 분위기를 즐기기 어려운 상황입니다.,일반소음,2
"상점 앞에서 사람들이 떠들면서 큰 소리로 광고를 하고 있는데, 주변 상인들의 평화로운 환경이 깨지고 있습니다.",일반소음,2
"동네 공원에서 젊은 이들이 큰 소리로 음악을 틀고 노래를 부르면서 놀고 있는데, 주변 주민들이 불편해하고 있습니다.",일반소음,2
거리 모퉁이에서 사람들이 모여서 큰 소리로 농담을 하고 있어서 지나가는 사람들이 방해받고 있는 것 같습니다.,일반소음,2
도보길에서 사람들이 대화하면서 큰 소리로 웃고 떠들고 있어서 주변 보행자들이 불편함을 느끼고 있습니다.,일반소음,2
카페 테라스에서 손님들이 큰 소리로 대화하면서 커피를 마시고 있어서 다른 손님들이 조용한 분위기를 즐기기 어려운 상황입니다.,일반소음,2
지난 주부터 주변 도로에서 차량 소음이 지속적으로 문제가 되고 있습니다.,일반소음,2
주변 아파트에서 파티 소리와 대화 소음이 귀에 거슬립니다.,일반소음,2
금주에 주택 지하에서 난방 시스템 소음이 계속 발생합니다.,일반소음,2
몇 일 전부터 동네 공원에서 어린이들의 놀이기구 소음이 들려옵니다.,일반소음,2
지난 주부터 공공 장소에서 음식점의 주방 소음이 자주 들립니다.,일반소음,2
주변 건물에서 건축 작업 소음이 더 심해졌습니다.,일반소음,2
금주에 주변 공원에서 시끄러운 놀이터 소음이 계속되고 있습니다.,일반소음,2
몇 일 전부터 쇼핑몰 인근에서 스피커로 음악을 틀어 큰 소음이 나옵니다.,일반소음,2
몇 일 전부터 자동차 경주 소음이 심해지고 있습니다.,일반소음,2
지난 주부터 학교 근처에서 학생들의 외침과 놀이 소음이 문제입니다.,일반소음,2
최근에 이웃이 자주 정원에서 제초기를 사용하며 소음을 일으킵니다.,일반소음,2
지난 주부터 아파트 내에서 인근 유소년들이 노래 부르며 소음을 발생시킵니다.,일반소음,2
주변 공사장에서 공사기계 작동 소음이 아침 일찍부터 시작했습니다.,일반소음,2
도심 거리에서 사람들이 모여서 큰 소리로 이야기하고 웃음소리가 들려와서 주변 시민들이 평온함을 유지하기 어려운 상황입니다.,일반소음,2
강풍으로 인해 우리 집 표지판이 흔들리고 있어요.,적재물낙하,2
"비바람이 몰아치며, 집 앞 간판이 불안정하게 흔들리고 있습니다.",적재물낙하,2
폭풍우로 인해 저희 집 앞 간판이 요동치고 있어요.,적재물낙하,2
"눈보라가 오면서, 집 옥상의 광고판이 흔들리고 있습니다.",적재물낙하,2
"바람이 세차게 불어와서, 건물 벽면의 광고가 흔들리고 있어요.",적재물낙하,2
폭우로 인해 거리의 광고 표지판이 불안정하게 흔들리고 있습니다.,적재물낙하,2
"폭풍이 몰아치며, 거리 모퉁이 표지판이 흔들리고 있는 모습이에요.",적재물낙하,2
강한 바람 때문에 집 앞의 광고판이 흔들려 피해를 줄 수 있어요.,적재물낙하,2
"우박이 내리면서, 거리에 설치된 광고 표시판이 요동치고 있습니다.",적재물낙하,2
"거센 바람이 불어와서, 상점 건물 앞 간판이 흔들리고 있어요.",적재물낙하,2
"폭풍이 몰아치며, 도로변에 있는 광고판이 불안정하게 흔들리고 있습니다.",적재물낙하,2
적재물이 불안정하게 쌓여 있어서 떨어질 것 같습니다.,적재물낙하,2
차량 위에 물건이 너무 높이 적재되어서 위험합니다.,적재물낙하,2
화물차에서 상자가 흔들리며 떨어질 것 같아요.,적재물낙하,2
적재물이 차체에서 튀어나와서 다른 차에 부딪칠 것 같습니다.,적재물낙하,2
트럭에서 짐이 기울어져서 위험한 상태입니다.,적재물낙하,2
적재물이 비바람으로 인해 미끄러져 떨어질 것 같아요.,적재물낙하,2
화물차에서 물건이 흔들리며 떨어질 위험이 큽니다.,적재물낙하,2
화물 트럭에서 물건이 밀려서 떨어질 것 같아요.,적재물낙하,2
적재물이 차체에 고정되지 않아서 위험합니다.,적재물낙하,2
가게 앞에 짐이 너무 높이 쌓여있어서 쓰러질 것 같아요.,적재물낙하,2
앞집 화분이 바람에 떨어질 것처럼 흔들거리고 있어요.,적재물낙하,2
물건이 많이 쌓여있는데 뒤로 쓰러질 것 같아요.,적재물낙하,2
바람이 굉장히 많이 불고 있는데 간판이 떨어질 것 같아서 신고합니다.,적재물낙하,2
강풍으로 인해 거리의 큰 광고 표시판이 요동치며 흔들리고 있어요.,적재물낙하,2
내 친구가 술을 너무 많이 마셔서 지금 상태가 안 좋아졌어요. 도와주세요.,주취자보호,2
저희 이웃이 오늘따라 술을 많이 마셔서 거리에 넘어져 있어요. 도와주세요.,주취자보호,2
술에 취해 몸을 가누지 못하는 친구를 보호하려고 합니다.,주취자보호,2
주위에 돌봐줄 사람이 없어서 취한 이웃을 도와야 할 것 같아요.,주취자보호,2
취한 상태로 길에 넘어져 있는 사람을 보호해야 해요.,주취자보호,2
도와주지 않으면 위험한 상태로 취해있는 사람이 있어요.,주취자보호,2
주취자를 보호하고 안전한 곳으로 옮겨야 할 필요가 있습니다.,주취자보호,2
취한 친구가 위험한 상태라서 지금 바로 도움이 필요합니다.,주취자보호,2
도로에 쓰러진 사람이 있습니다. 술에 취해서 일어설 수 없어요.,주취자보호,2
주택 입구에서 음주로 인해 쓰러진 사람을 발견했습니다.,주취자보호,2
주변에 술에 취한 사람이 길거리에서 움직이지 못하고 있어요.,주취자보호,2
음주로 인해 주변을 떠돌며 넘어지는 사람을 보았어요.,주취자보호,2
도로에서 술에 취한 사람이 움직이지 못하고 있습니다.,주취자보호,2
술에 취한 사람이 상점 앞에서 넘어졌어요.,주취자보호,2
도보로 이동 중인 술에 취한 사람이 넘어져 다칠 위험이 있습니다.,주취자보호,2
주택 근처에서 술에 취한 사람이 버스 정류장에서 넘어져 있습니다.,주취자보호,2
술에 취한 사람이 대중 교통 수단에서 일어설 수 없어 보입니다.,주취자보호,2
술에 취한 채로 상점 앞에 쓰러진 사람을 발견했습니다.,주취자보호,2
술집 앞에 사람이 누워있는데 혼자 못일어나는 것 같아요.,주취자보호,2
손님이 술먹고 택시에서 못내리고 있어요.,주취자보호,2
제 친구가 술을 많이 마셨는데 몸을 못가누고 있어요.,주취자보호,2
술에 취해 거리에서 넘어져 있는 사람을 도와주세요.,주취자보호,2
취한 이웃이 도로에 누워있어서 보호해야 할 상황입니다.,주취자보호,2
취한 상태로 힘들게 서있는 친구를 보호하기 위해 도움이 필요합니다.,주취자보호,2
도와주지 않으면 위험할 수 있는 취한 사람을 보호해야 해요.,주취자보호,2
아들이 예정된 시간에 집으로 돌아오지 않아서 걱정되요. 주공아파트에서 찾아주세요.,미귀가자,2
친구가 어제 저녁부터 아무런 연락도 없이 사라져버렸어요. 도와주세요.,미귀가자,2
내 아이가 집에 오지 않아서 주변을 돌아다니며 찾고 있어요.,미귀가자,2
가까운 친구가 집으로 돌아오지 않아서 심각하게 걱정돼요.,미귀가자,2
형제가 일정한 시간에 집에 돌아오지 않아서 주변을 수색하려고 해요.,미귀가자,2
아버지가 오랜 시간 동안 집에 돌아오지 않고 있어요.,미귀가자,2
집에 올시간이 됐는데 돌아오지 않아서 도움이 필요해요.,미귀가자,2
집으로 돌아오지 않는 친구가 걱정되어 신고합니다.,미귀가자,2
가족이 예상 시간보다 오랜 시간 동안 집에 돌아오지 않아서 경찰에 알립니다.,미귀가자,2
집에 돌아오지 않는 친구의 행방을 파악하기 위해 신고합니다.,미귀가자,2
할머니가 집에 돌아오지 않고 있어서 어디에 있는지 확인이 필요합니다.,미귀가자,2
룸메이트가 집에 돌아올 시간이 되었는데 연락도 안 받아서 찾아야돼요.,미귀가자,2
어머니가 일마치고 돌아올 시간이 됐는데 아직 안 들어오세요.,미귀가자,2
형이 친구들 만난다고 나갔는데 늦은 밤까지도 안 들어왔어요.,미귀가자,2
우리 딸이 학원에 갔는데 아직도 집에 들어오지 않았어요.,미귀가자,2
아들이 학교 수업 끝나고 올 때가 됐는데 연락도 안 받고 안 오네요.,미귀가자,2
아들이 이틀째 집을 안오고 있어요 너무 걱정돼서 신고합니다.,미귀가자,2
딸이 집에 들어올 생각을 안 해요.,미귀가자,2
동거 중인 친구가 이제까지 돌아오지 않아서 도움이 필요합니다.,미귀가자,2
아이가 미귀가 상태라서 가까운 이웃들에게 도움을 청하려고 합니다.,미귀가자,2
주공아파트 내에 아들을 찾아주실 수 있나요? 집에 들어오지 않았어요.,미귀가자,2
"가출한 것 같은데, 친구가 오랫동안 돌아오지 않아서 걱정이에요.",미귀가자,2
돌아오지 않는 아이를 찾아야 해서 주변을 돌아다니고 있어요.,미귀가자,2
친구가 어제부터 집에 오지 않아서 어떻게 도와줄 수 있을까요?,미귀가자,2
집으로 돌아오지 않는 친구를 찾아주시면 감사하겠습니다. 도와주세요.,미귀가자,2
신림역 사거리에서 행사로 인해 차량 혼잡이 심각한 상황입니다. 교통정리가 필요해요.,교통서비스,2
외대앞역 사거리의 고장난 신호등으로 인해 차량과 보행자들이 어려움을 겪고 있습니다.,교통서비스,2
교통 혼잡으로 인해 신림역 사거리 주변이 차단되어 있어요. 교통 관리가 필요합니다.,교통서비스,2
외대앞역 사거리의 신호등 고장으로 차량과 보행자의 이동이 어렵습니다.,교통서비스,2
특별한 사건으로 신림역 사거리 주변 도로가 혼잡한 상황입니다. 교통 개선이 필요해요.,교통서비스,2
외대앞역 사거리의 신호등 고장으로 인해 교통 흐름에 문제가 발생하고 있습니다.,교통서비스,2
도로가 교통으로 막혀 차량이 움직이지 않습니다. 교통 혼잡 상황입니다.,교통서비스,2
교통량이 너무 많아서 도로가 정체되고 있어요. ,교통서비스,2
도로에서 교통 혼잡으로 인해 움직이지 못하고 있습니다.,교통서비스,2
교통 혼잡으로 도로가 완전히 막혔습니다. ,교통서비스,2
도로에 차량들이 교통 혼잡으로 갇혀 있습니다. 신고합니다.,교통서비스,2
교통량이 많아 도로가 정체되었습니다. 안전 문제가 우려됩니다.,교통서비스,2
도로에서 교통 혼잡으로 인해 움직일 수 없습니다. ,교통서비스,2
고속도로 진입로에서 차량들이 막혀서 움직일 수 없습니다.,교통서비스,2
학교 앞 도로에서 차량이 너무 많아서 아이들이 등교하기 어려운 상황입니다.,교통서비스,2
스포츠 경기장 주변 도로에서 이벤트 후 차량들이 모두 동시에 이동하려 하고 있습니다.,교통서비스,2
눈이 많이 내려 노면이 미끄러워져 도로에서 교통 체증이 발생하고 있습니다.,교통서비스,2
주거지역 주변 도로에서 주차공간 부족으로 차량들이 혼잡합니다.,교통서비스,2
박람회장 주변 도로에서 박람회 참가자들로 인해 교통이 혼잡합니다.,교통서비스,2
신림역 사거리 근처 도로가 행사로 인해 막히고 있어서 교통 관리가 필요합니다.,교통서비스,2
외대앞역 사거리에서 신호등 고장으로 인해 교통 혼잡이 심각한 상태입니다.,교통서비스,2
교통 사고로 인해 신림역 사거리 주변이 혼란스러운 상황입니다. 교통정리가 필요해요.,교통서비스,2
외대앞역 사거리의 고장난 신호등으로 인해 교통 혼잡이 심각하게 발생하고 있습니다.,교통서비스,2
행사로 인해 신림역 사거리 주변 도로가 막히고 있어서 교통 개선이 필요합니다.,교통서비스,2
외대앞역 사거리에서 신호등 고장으로 인해 차량과 보행자의 움직임이 제한되고 있습니다.,교통서비스,2
아저씨들이 돈을 걸고 게임을 하고 있어서 의심스러워요,도박,3
최근 모임에서 동료들이 주말마다 자주 도박 이야기를 나눠요,도박,3
"종교 모임에서 돈을 걸고 승부하는 활동이 빈번하게 이루어지는데, 이런 행위가 도박의 일환이 아닐까 의심됩니다.",도박,3
회기동 주민센터에서 돈을 걸고 다수가 참여하는 게임을 진행하는 거 같아요,도박,3
"동네 공원에서 어르신들이 돈을 걸고 경마 게임을 하는 모습을 목격했는데, 도박 의심이 강하게 듭니다.",도박,3
"중국집에서 도박과 유사한 활동이 이루어지는 것을 발견했는데, 이를 어떻게 신고해야 할지 고민 중입니다.",도박,3
"청량리 주민체육센터에서 돈을 걸고 다른 스포츠 활동을 하는 것을 목격했는데, 도박 의심이 들어서 조사 부탁드립니다.",도박,3
"중랑천 테이블에서 이상한 게임을 하는 사람들을 보았는데, 이것이 도박과 관련이 있지 않을까 의심되네요",도박,3
"중국집 내에 도박과 관련된 활동을 알고 있는데, 실제로 확인되지 않았지만 의심이 강해요",도박,3
"사회복지관에서 할머니들이 돈을 걸고 카드 게임을 하는 것을 목격했는데, 도박이 아닌지 의심스럽네요",도박,3
그림을 걸고 무언가 도박과 유사한 게임을 하는 것을 발견했습니다.,도박,3
"어르신들이 도박과 관련된 활동을 하는 것 같아서, 주의가 필요하다고 생각합니다.",도박,3
중국집으로 둔갑하고 도박과 관련된 일이 벌어지는 거 같네요,도박,3
"유튜브에서 불법 도박같은 게임을 생방송을 하는 채널을 발견했는데, 신고해도 될까요?",도박,3
"모임에 종종 나가는데, 모임 사람들이 주말마다 도박을 하는 것 같아요.",도박,3
최근에 참여한 모임에서 도박 중독과 관련된 대화를 들은 적이 있어 의심스러워 신고합니다. 모임 사람들이 자주 모여 돈을 걸고 내기를 하는 것도 목격한 적 있어요.,도박,3
종교 단체에서 돈을 걸고 승부하는 행동이 눈에 띄어 도박이 의심됩니다. ,도박,3
회기동 주민센터에서 주민들이 자주 모이는데요. 아무래도 모여서 돈을 걸고 게임을 하는 것 같아요. 도박 의심으로 신고 가능할까요?,도박,3
동네 공원에서 어르신들이 지금 도박을 하고 있는 것 같아요. 돈을 좀 크게 걸고 게임을 하고 있어서 단속해 주세요.,도박,3
"방금 카페를 갔다가 카페에서 도박과 관련된 활동이 이루어지는 것을 목격했는데, 신고하면 될까요? ",도박,3
여기 청량리 주민체육센터인데요 돈을 걸고 스포츠 게임을 하는 걸 봤어요. 이거 도박아닌가요?,도박,3
중랑천 테이블에서 도박이랑 관련된 게임을 하고 있어 신고합니다.,도박,3
쇼핑몰 내에 도박과 관련된 활동이 이루어지는 장소가 있다는 소문을 들어 도박 의심으로 신고합니다.,도박,3
사회복지관에서 할머니들이 돈을 걸고 화투를 치는데 도박인것 같아 단속 부탁드려요.,도박,3
예술 갤러리에서 그림을 걸고 도박과 관련된 게임이 이루어지고 있는 것을 목격했습니다.,도박,3
저희 동네 교회에서 어르신들이 도박을 하시는 것 같아요. 중독되신 분들도 있어 심리적으로도 굉장히 불안정 해보여요.,도박,3
승마장에서 도박이 의심되는 상황을 목격해 신고하는데 도박으로 수사가 가능할까요?,도박,3
24시간으로 불법 도박을 생중계하는 유튜버를 발견했는데 신고해야 할 것 같아 전화드려요.,도박,3
남편이 아무래도 도박에 중독된 것 같아요. 주말마다 게임 동호회에 나가는데 돈을 굉장히 많이 쓰고 들어와요. 동호회 도박 의심으로 신고드려요.,도박,3
축구 경기를 보면서 돈을 크게 걸고 게임을 하는 아저씨들을 목격해서 112로 신고합니다.,도박,3
인터넷 검색을 하다가 불법 온라인 도박장을 발견했는데 신고하면 될까요?,도박,3
홀덤펍 형태로 운영되는 영업장인데 아무래도 도박장인 것 같아요. 규모가 꽤 큰 도박장 처럼 보이는데 사람들이 굉장히 많이 들락거려요. ,도박,3
부산의 한 주택에서 아도사키 도박을 하는 것 같이 보이는 무리들이 보여서 신고해야 할 듯해 전화드립니다. ,도박,3
시청역 2번 출구 주변인데 도박장으로 의심되는 가게를 발견했어요. 도박장인거 같은데 단속이 필요해 보여요.,도박,3
어린친구들이 유흥업소에서 일하고 있어요,미성년자고용/출입,3
고등학생으로 보이는 아이들이 술집에 있어요,미성년자고용/출입,3
교복을 입은 중학생들이 여기 사거리 술집에 있어요,미성년자고용/출입,3
초등학생들이 새벽에 피시방에 있어요,미성년자고용/출입,3
"술집인데요, 고등학생들이 모여서 술담배해요",미성년자고용/출입,3
어린 친구가 편의점에서 새벽까지 일하고 있네요,미성년자고용/출입,3
새벽에 초등학생들이 피시방에서 게임하고 자고 있어요.,미성년자고용/출입,3
"이곳은 고등학생들이 다니기에는 무리가 있는데, 지금 여기에 모여있는 것을 보면 미성년자 고용 문제가 있을 수 있습니다.",미성년자고용/출입,3
어린 친구가 편의점에서 너무 늦게까지 일하고 있을 수 있을까요?,미성년자고용/출입,3
피시방에서 새벽에 게임하는 초등학생들을 목격했어요,미성년자고용/출입,3
어떤 어린 아이들이 편의점에서 너무 늦게까지 일하고 있네요,미성년자고용/출입,3
초등학생들이 피시방에서 밤을 새우며 게임을 하고 있어요,미성년자고용/출입,3
"이곳에 있는 고등학생들은 아마 미성년자인데, 이 시간에 모여있는 것이 문제가 될 수 있습니다.",미성년자고용/출입,3
"어린 동생이 편의점에서 너무 늦게까지 일하고 있는데, 미성년자 고용에 대한 점검이 필요해 보입니다.",미성년자고용/출입,3
여기 고래고래 노래연습장인데 청소년이 새벽에 알바를 하고 있던데요?,미성년자고용/출입,3
여기 유흥주점인데 청소년들이 어제 와서 술마시고 가는 걸 목격해 신고드려요.,미성년자고용/출입,3
어제 새벽에 노래방에서 청소년들이 집에 안가고 놀고 있는걸 본 것 같아요. 술도 먹고 있던데요?  ,미성년자고용/출입,3
홍대입구 1번 출구 앞에 있는 씨유에서 아까 고등학생들한테 술 파는 것 처럼 보였어요.,미성년자고용/출입,3
여기 외대 정문 바로 앞에 있는 고기집인데 7시 쯤 저녁 먹고 나오다가 고등학생한테 술 파는 장면을 목격했어요. ,미성년자고용/출입,3
고등학생이 여기서 술 마시고 있어요,미성년자고용/출입,3
중학생으로 보이는 친구들이 술집에서 술담배하고 있어요,미성년자고용/출입,3
저희 동네에 멀티방이 있는데 학생들이 너무 많이 들락거려요. 여기 청소년들이 오면 안되는거 아닌가요?,미성년자고용/출입,3
"여기 제주도인데요, 밀실 형태로 운영되는 룸카페를 발견했는데 청소년들도 많이 들락러려요. 단속해야 할 것 같아요.",미성년자고용/출입,3
여기 경희대 앞에 피씨방인데 초등학생들이 15세 이상 게임하고 있어서 신고하려구요.,미성년자고용/출입,3
피씨방에서 초등학생을 알바로 쓰는 것 같아서 전화했어요. 단속 부탁드릴게요.,미성년자고용/출입,3
청소년 출입 금지라고 되어있는데 고등학생들이 와있어서 신고합니다. ,미성년자고용/출입,3
피씨방인데요 10시 지났는데 학생들 몇 명이 앉아있어서 전화했어요.,미성년자고용/출입,3
청소년들은 새벽에 알바하면 안되는거 아닌가요? 방금 있다가 나온 피씨방에 알바생이 고등학생이던데요?,미성년자고용/출입,3
고등학생이 술집에서 술담배해요,미성년자고용/출입,3
제가 어제 회식으로 들린 노래방에서 중고등학생 처럼 보이는 아이들이 술마시며 놀고있었네요,미성년자고용/출입,3
"지난 주말에 종로에 있는 바에서 미성년자가 술을 마시는 모습을 목격했어요. 바는 미성년자 출입이 금지된 곳인데, 이런 상황이 있어서 걱정됩니다.",미성년자고용/출입,3
어제 들린 마트에서 미성년자들이 담배를 사가던데요? 단속해야 할 것 같아요.,미성년자고용/출입,3
교복입은 학생들이 성인용 DVD방에 들어가는 걸 본 것 같아서 신고합니다.  ,미성년자고용/출입,3
근방에 식당에서 미성년자 알바생을 본 것 같아요. 그 가게가 미성년자 출입 금지 가게라서 걱정되어 신고드려요. ,미성년자고용/출입,3
"어제 저는 알 수 없는 번호에서 전화가 왔는데, 상대방이 보이스피싱 사기를 시도한 것 같아요. ",보이스피싱,3
"전화로 은행 관련 사항을 물어보는 사람이 있었는데, 보이스피싱 의심 사례로 보고 신고하고자 합니다.",보이스피싱,3
오늘 아침에 이상한 전화가 와서 개인 정보를 물어보더군요. ,보이스피싱,3
"은행에서 온 듯한 전화로 계좌 정보를 물어보는데, 보이스피싱의 가능성이 크다고 생각합니다.",보이스피싱,3
"전화상에서 긴급한 문제로 제 개인 정보를 확인하려고 했는데, 이게 보이스피싱인지 확실하지 않아서 신고하려 합니다.",보이스피싱,3
어제 누가 제 통장 명의를 묻는 전화를 걸어와서 의심스러워요,보이스피싱,3
"휴대폰으로 통화 내용을 녹음하겠다며 정보를 물어보는 전화를 받았는데, 보이스피싱일 가능성이 높아 보입니다.",보이스피싱,3
"은행에서 온 듯한 전화에서 금융 정보를 확인하려고 했는데, 보이스피싱이 의심되어요",보이스피싱,3
"명의 도용으로 은행에서 전화가 왔다며 개인 정보를 확인했는데, 보이스피싱인 것 같아서 경찰에 알려야 할 것 같습니다.",보이스피싱,3
"이상한 전화로 제 개인 정보를 요구하는데, 이게 보이스피싱의 시도인지 의심스러워서 신고하려고 합니다.",보이스피싱,3
어제 제가 보이스피싱에 당한 것 같아요. 금액은 50만원 정도이구요.,보이스피싱,3
"어제 은행에서 전화가 왔는데, 보이스피싱 사기에 당한 것 같아요. 전화가 은행 공식 전화라고 소개되어 개인 정보를 제공했는데 아무리 생각해도 보이스피싱 같아요. ",보이스피싱,3
며칠전에 경찰서에서 전화가 와서 제 개인정보와 가족들 개인 정보를 모두 받아갔어요. 이거 보이스피싱 같은데 수사가 가능할까요?,보이스피싱,3
보이스피싱 사기인지 모르겠어요. 조사해주세요.,보이스피싱,3
"음성으로 통화 내용을 녹음한다며 은행에서 전화가 와서 보안 절차를 따라 개인 정보를 입력했는데요, 해당 은행에 오늘 다시 연락을 해보니 그런적이 없다고 해서 신고해요.",보이스피싱,3
"전화로 카드 번호와 비밀번호를 물어보던 사람이 있었는데, 그때는 어떤 기관이라고 소개를 해서 의심하지 않고 카드 번호와 비밀번호를 주었어요. 근데 아무리 생각해도 보이스피싱에 당한 것 같은데 불안해서 신고해요.",보이스피싱,3
"전화로 통신사 직원이라고 하면서 휴대폰 요금을 할인해 준다며 개인 정보를 받아갔는데, 보이스피싱같아요. ",보이스피싱,3
은행에서 전화가 와 계좌 학인을 한다고 하더니 오늘 100만 원이 갑자기 이체가 되었다는 문자를 받았습니다. 이거 보이스피싱일까요?,보이스피싱,3
"명의 도용으로 경찰서에서 연락했다며 개인 정보를 확인했는데, 알고보니 보이스피싱이었어요. 지금까지 한 200만원 정도 인출이 된 것을 확인했습니다.",보이스피싱,3
계좌 비밀번호를 변경하는 메시지를 받아서 변경했더니 그 이후에 돈이 갑자기 모르는 사람에게 송금됐어요. 은행에 전화했더니 보이스피싱인 것 같다고 경찰에 신고하라고 하셔서 전화했습니다.,보이스피싱,3
며칠전에 은행에서 카드 개인 정보 확인 전화가 왔었는데 그 전화가 보이스피싱이었나봐요. 수사 가능할까요?,보이스피싱,3
자동차 보험 갱신 전화라며 인적 사항과 개인 정보를 묻고 가져가더니 오늘 아침 2000만원을 뺏겼습니다. 보이스피싱으로 신고합니다.,보이스피싱,3
"제가 자주가는 마트에서 어제 갑자기 전화가 와서 고객 대상 할인을 제공하기 위해 카드 번호와 비밀번호를 알아야 한다고 해 정보를 주었는데, 오늘 그 마트에 가서 말씀드려보니 그런적이 없다고 하시네요. 아무래도 보이스피싱에 당한 것 같아요.",보이스피싱,3
미세먼지 대비 마스크 배송 서비스라고 전화가 와서 주소와 생년월일을 물어봐 정보를 제공했더니 오늘 보이스피싱 사기에 걸렸다는 문자를 받았습니다. 어떻게 해야 하나요?,보이스피싱,3
모바일 앱 비밀번호를 변경해라는 문자가 와서 변경하는 링크를 클릭했는데 보이스피싱이었던 것 같아요. 개인 정보가 모두 유출된 것 같은데 어떻게 해야 하나요?,보이스피싱,3
"은행에서 온 부재중이 찍혀있길래 다시 전화를 걸었더니 카드 정보 확인을 위해 개인 정보 확인이 필요하다고 해서 이름, 주소, 카드 번호, 비밀 번호까지 모두 알려줬는데 그게 알고보니 보이스피싱이었어요. 이미 계좌에서 300만원 정도가 인출되었네요.",보이스피싱,3
보험사에서 보험 가입 확인을 위한 전화를 받았었는데 그 이후 보이스피싱으로 120만원을 잃었습니다. 보험사 전화가 보이스피싱이었던 것 같아요. 수사해 주실 수 있나요?,보이스피싱,3
"인스타그램에서 보안 절차 확인 메일이 와 클릭했는데 클릭하자마자 제 개인정보가 다 넘어간 것 같아요. 그 이후로 스팸 메일도 계속 오고, 개인 정보 관련 문제가 계속 생겨 신고합니다. ",보이스피싱,3
"휴대폰 서비스 변경을 위한 전화가 와 정보를 확인했더니, 보이스피싱으로 인해 휴대폰으로 갑자기 300만원 정도 결제가 되었네요. 보이스피싱을 당했는데 어떻게 해야하죠?",보이스피싱,3
"온라인 쇼핑몰에서 결제 확인 전화가 왔는데, 정보를 확인해보니 보이스피싱으로 인해 95만원이 카드에서 결제되었어요. 이거 어떻게 해야하죠?",보이스피싱,3
가게 사장인데 누군가 의자를 고의로 부셔두고 갔네요,손괴,3
식당하는 사람인데요 누군가 이미 의자를 부셔두고 갔네요,손괴,3
여행에서 돌아와보니 누군가가 저희 구조물들을 부셔두고 가서 신고해요,손괴,3
가게 사장인데요 엊그제 여행을 마치고 돌아와보니 의자를 손님이 부숴놓아서 신고해요,손괴,3
어제 밤에 공원에서 나무가 부러져 있는 모습을 확인했어요. 근데 누군가가 일부러 그런 것 같아서 신고합니다.,손괴,3
아침에 차고에 둔 차량 유리가 깨져있는 걸 발견했어요. 어떤 사람이 일부러 그런 것 같은데 수사 가능한가요?,손괴,3
오늘 아침 매장 정리를 하다가 컴퓨터 화면이 부셔져 있는 것을 봤는데 손님이 어제 새벽에 일을 저지른 것 같아요. ,손괴,3
"지하철 역에서 플랫폼 벽에 그래피티가 그려져 있었고, 벽면이 손상된 걸 발견했습니다.",손괴,3
"동네 놀이터의 그네가 꺽여 있었는데, 누군가가 부러뜨린 것 같아요.",손괴,3
"오늘 출근해보니 학교 교실 창문이 깨져 있었고, 교실 내부가 파손되어서 손괴죄를 물어야 할 거 같아요",손괴,3
가게 사장인데요 CCTV에 어제 누가 테이블을 부수고 간 모습이 찍혔네요,손괴,3
오늘 출근해서 확인해보니 박물관에서 유물이 깨져 있었어요,손괴,3
"주차장에 주차된 차량들이 피해를 입고 있었고, 차량 손괴 사건이 의심됩니다.",손괴,3
CCTV에 어제 누가 테이블을 부수고 간 모습이 찍혔어요,손괴,3
"슈퍼마켓 사장인데요, 오늘 출근해보니 창문이 깨져 있어요. CCTV를 보니 누군가가 부셔놨네요",손괴,3
학교 체육관에서 운동기구들이 파손되어 있었어요. 어제 밤 누군가가 고의로 시설을 파괴한 거 같네요,손괴,3
도로에 있는 공공 자전거 스테이션에서 자전거들이 모두 파괴되었습니다.,손괴,3
"박물관의 예술품이 훼손되어 있었고, 누군가가 고의로 그런 것 같아요. 박물관 관리자에요",손괴,3
"오늘 출근해보니 지하철 역에서 엘리베이터가 부셔져있고, 대중 교통 시설 손상 사건을 발견했습니다.",손괴,3
공공 재무 건물에서 창문이 깨져 있었어요. 어제 낮에 누군가가 들어와서 창문을 깬 거 같네요,손괴,3
어제는 멀쩡했던 마트 진열장이 오늘 오니 부셔져 있어요. 범인을 잡고 싶은데 어떻게 하면 되나요? ,손괴,3
학교 교실에서 칠판과 의자가 부셔진 모습을 방금 발견했습니다. 누군가가 일부러 그런 것 같아 신고합니다.,손괴,3
미술 갤러리에서 전시 작품이 부셔져 있었어요. 사람들 말에 의하면 어제 저녁에 누군가 일부러 손괴한거 같다고 해서 신고드려요.,손괴,3
어제 아파트 주차장에 자전거를 두고 왔는데 오늘 타려고 보니 타이어가 구망나 있고 핸들이 부셔져 있어요.,손괴,3
"제가 게임장을 운영하고 있는데, 게임 기기를 점검하다 어제 콘솔 여러대가 부셔져 있는 것을 확인했습니다. 아무래도 손님 중에 범인이 있는 것 같은데 범인을 잡고 싶으면 어떻게 해야 하나요?",손괴,3
공원에 전시되어 있던 조형물을 누가 엊그제 일부러 부순거 같아서 신고하려고 해요.,손괴,3
"도서관인데요, 도서관 책들이 훼손되어 있는 것을 방금 발견했어요. 한 두권이 아니라 수백권이라 손괴 범죄 의심됩니다.",손괴,3
시내 곳곳에서 건물 외벽에 무허가 그림이 칠해져 있는 것을 발견했어요. 누군가가 건물 벽을 손괴한 것 같아 당황스러운데 어떻게 범인을 잡아야 하나요?,손괴,3
도로변에 도로 표지판이 망가져 있는데 사람이 일부러 망가트린 것 같아요. 범인을 잡아야 할 것 같아 신고드립니다.,손괴,3
도서관에서 연구용 컴퓨터 모니터가 어제 깨져있는 걸 발견했습니다. 무언가로 내려쳐서 생긴 손상인 것 같은데 손괴로 신고합니다.,손괴,3
외출하고 돌아왔더니 3일 전 저희 집 주택 정원에 심어 놓은 식물들이 밟혀 있어 신고해요.,손괴,3
제 레스토랑 알바생이 일부러 계속 식기를 몰래 부셔놓고 있어요. 손괴죄 아닌가요?,손괴,3
일주일 전부터 수영장에서 수영 기구들이 많이 파손되어 있는데 일부러 부셔놓은 것 같아서 화가 나요. 신고하려고 전화했어요.,손괴,3
엊그제 유원지에서 놀이기구의 안전대가 부러져있는 모습을 발견했어요. 일부러 부셔놓은 것 같아요.,손괴,3
체육관에서 기구를 이용하려고 왔는데 기구가 다 부셔져 있네요? 이거 손괴죄로 신고하려구요.,손괴,3
애완동물 카페에서 펫 하우스가 이미 부서진 모습을 목격했습니다. 누군가 일부러 이런 것 같아서 신고 좀 하려구요.,손괴,3
도로변에서 공공 시설의 공중화장실 문이 망가진 모습을 발견했어요. 어떤 사람이 화장실 문을 일부러 고장내고 도망간 것 같아요. ,손괴,3
일주일 내내 공사장에서 나는 소리 때문에 잠을 잘 수가 없어요,공사장소음,3
주변 아파트 공사로 인해 새벽에 잠이 깨버렸어요. 공사 소음이 너무 심합니다.,공사장소음,3
도로 공사장에서 밤늦게까지 시끄러운 공사를 이어가고 있어서 주민들이 휴식을 취하지 못하고 있습니다.,공사장소음,3
주택 건설 공사장에서 발생하는 지속적인 망치질 소음 때문에 주변 주민들이 불편해하고 있어요.,공사장소음,3
공사장에서 나오는 큰 기계 소음으로 인해 주변 거주자들이 불안정한 생활을 하고 있습니다.,공사장소음,3
"도로 공사 중인데, 밤에도 작업을 계속해서 주민들이 휴식을 취하기 어려워요.",공사장소음,3
"주택 공사 현장에서 시끄러운 작업 소음이 계속되어, 주변 이웃들이 불편해하고 있습니다.",공사장소음,3
"아침부터 주택 건설 공사로 인한 소음이 지속되어, 주민들이 고통을 겪고 있어요.",공사장소음,3
"도로 공사 중인데, 밤늦게까지 작업이 이어지고 있어 주변 주민들이 피로를 느끼고 있어요.",공사장소음,3
주택 공사장에서 발생하는 소음으로 인해 주민들이 휴식을 취하기 어려워하고 있습니다.,공사장소음,3
도로 공사 소음 때문에 주변 주민들이 이로 인한 불편함을 호소하고 있어요.,공사장소음,3
주변 아파트 공사 소리때문에 잠이 깨버렸어요. 일찍부터 공사장 소음 때문에 힘든 하루를 시작하게 되었습니다.,공사장소음,3
도로 공사장에서 밤늦게까지 공사를 이어가 기계 소음 때문에 주변 주민들이 편한 휴식을 취하지 못하고 있습니다.,공사장소음,3
주택 건설 공사장에서 발생하는 망치질 소음으로 인해 주변 주민들이 휴식을 취하기 어려운 상황입니다.,공사장소음,3
집 앞 도로 보수 작업 중인 공사장에서 나오는 소리때문에 너무 시끄러워요.,공사장소음,3
고층 건물 건설 현장에서 내는 큰 크레인 소움이 주변 동네에 올려 펴져 주민들의 고요한 일상을 방해하고 있어요.,공사장소음,3
지하철 공사 중인 공사장에서 발생하는 대지를 파는 소리가 너무 시끄러워서 이틀째 스트레스를 받고 있어요. ,공사장소음,3
상업용 건물을 리모델링 하고 있는데 공사장에서 사용하는 공구 소리가 너무 시끄러워요. 단속 좀 부탁드릴게요.,공사장소음,3
해변가에서 수변 보수를 하는 공사로 인해 해안에서 계속되는 소음으로 해수욕객들이 불편함을 호소하고 있습니다. ,공사장소음,3
교량 보수 작업 중인거 같은데 공사장 인부가 너무 시끄러워요.,공사장소음,3
전선 교체 작업 중인 전기 공사장에서 나오는 고압선을 자르는 소음으로 주변 주민들이 불편함을 많이 느끼고 있어요.,공사장소음,3
하천 정비 공사 중인 공사장에서 나오는 큰 터널 굴삭기 소음 때문에 스트레스를 만힝 받고 있어요.,공사장소음,3
학교 근처에서 도로 공사를 하고 있는 것 같은데 학생들이 소음 때문에 불편을 많이 호소해요.,공사장소음,3
도로 포장 공사인 거 같은데 인부들이 너무 시끄러워서 불편하네요.,공사장소음,3
고속 도로 확장 작업 중인 공사장에서 너무 많은 소음이 들려와서 단속 좀 부탁드려요.,공사장소음,3
박람회장에서 행해지는 전시장 구축 작업 소음 때문에 사람들이 너무 많이 민원신고를 해서 단속 좀 부탁하려고 경찰에 신고하게 되었습니다.,공사장소음,3
상업용 건물의 외벽을 새로 칠하는 공사장에서 나오는 페인트 분사 소음 때문에 근접한 주택들이 불편함을 호소하고 있습니다. ,공사장소음,3
근방 도로에서 발생하는 터널 보수 작업 소음으로 인해 주변 주민들이 밤에 휴식을 취하지 못하고 있어요.,공사장소음,3
저희 회사 옆에 높은 건물을 건설하는 공사를 하고 있는데 하루종일 너무 시끄러워서 업무에 집중을 할 수가 없어요. ,공사장소음,3
"국립 공원에서 수로 복원 작업을 하는 공사를 하고 있는데 사람 소리, 기계 소리가 너무 많이 나와 동물들의 서식지를 방해하고 있습니다.",공사장소음,3
병원 근처에서 환경 개선 공사를 하고 있는데 너무 시끄러운 소리가 일주일 넘게 지속되고 있어 환자들이 힘들어 하고 있어요.,공사장소음,3
버스에서 핸드폰을 두고 내린 거 같아요,분실물신고,4
버스에서 가방을 두고 내린 거 같은 데 어떻게 찾을 수 있을까요?,분실물신고,4
"지갑을 잃어버렸는데, 혹시 보관됐을까요?",분실물신고,4
열쇠 묶음을 분실했어요. 어디서 찾을 수 있을까요?,분실물신고,4
이어폰 케이스를 어딘가에 두고 왔을 것 같아요.,분실물신고,4
모자를 놓고 나온 걸 깨달았어요. ,분실물신고,4
누군가가 나의 스카프를 잘못 가져갔을지도 모르겠어요.,분실물신고,4
안경을 분실했어요.,분실물신고,4
핸드폰 충전기를 어딘가에 두고 온 것 같아요. ,분실물신고,4
지난 주에 우산을 놓고 나온 것 같아요. 어디서 찾을 수 있을까요?,분실물신고,4
반지를 분실한 것 같아요. 그런데 어떻게 신고해야 할지 잘 모르겠어요.,분실물신고,4
독서실에서 책을 두고 나온 것 같아요.,분실물신고,4
지난 주에 장갑을 놓고 나온 것 같아요. 찾을 방법이 있을까요?,분실물신고,4
옷을 갈아입을 때 시계를 분실한 것 같아요. 도와주세요.,분실물신고,4
열쇠가 어디로 갔는지 모르겠어요. ,분실물신고,4
가방을 두고 나온 것 같아요. 찾는 방법이 있을까요?,분실물신고,4
"지난 주에 도서관에서 책을 빌려왔는데, 지금은 어디에 있는지 잘 모르겠어요.",분실물신고,4
지하철에서 휴대폰을 분실한 것 같아요. 찾는 방법이 있을까요?,분실물신고,4
"신발을 신어서 집을 나왔는데, 하나가 빠진 것 같아요.",분실물신고,4
지난 주에 공원에서 페트병을 두고 나온 것 같아요. ,분실물신고,4
화장실에서 목걸이를 어딘가에 두고 왔을 것 같아요. 어떻게 신고해야 하나요?,분실물신고,4
카드 지갑이 어디로 갔는지 모르겠어요. 찾는 방법이 있을까요?,분실물신고,4
주차장에서 차 안에서 물건을 꺼내다가 지갑을 놓고 왔습니다.,분실물신고,4
"지하철에서 내리려는데, 주머니에서 카드가 없어졌어요",분실물신고,4
은행에서 ATM을 사용한 후 카드가 나오지 않아요,분실물신고,4
길을 가다가 주머니를 만져보니 핸드폰을 잃어버린 거 같아요,분실물신고,4
"카페에서 지갑을 두고 나온 후에 되돌아왔는데, 지갑이 사라진 것 같습니다.",분실물신고,4
공공장소에서 소지품을 가지고 있던 중 누군가가 다가와 카드를 뺏었습니다.,분실물신고,4
"은행에서 돈을 인출한 후 카드를 꽂아두었으나, 다시 꺼내지 못했습니다.",분실물신고,4
지하철에서 내렸을 때 카드를 놓고 나왔어요,분실물신고,4
"카페에서 모임을 마치고 돌아온 후, 지갑이 없어졌어요.",분실물신고,4
"지난 밤에 카페에서 핸드폰을 두고 나왔는데, 카페에 돌아가봐도 찾을 수 없어서 분실신고를 하려고 합니다.",분실물신고,4
"상점에서 쇼핑을 한 후에 가방을 놓고 왔는데, 가방이 사라졌어요.",분실물신고,4
주차장에서 차 안에서 지갑을 놓고 왔는데 돌아와보니 없어졌어요,분실물신고,4
길에서 누군가가 잃어버린 지갑을 발견했어요. 어떻게 찾는 방법이 있을까요?,습득신고,4
회사 주차장에서 누군가의 열쇠 묶음을 발견했습니다. 어떻게 연락할 수 있을까요?,습득신고,4
상점에서 지갑을 발견했습니다. 어떻게 주인을 찾을 수 있을까요?,습득신고,4
도서관에서 누군가가 핸드폰을 놓고 간 것을 발견했습니다. ,습득신고,4
지하철에서 누군가의 핸드폰을 발견했습니다. 어떻게 주인을 찾을 수 있을까요?,습득신고,4
카페에서 누군가가 두고 간 가방을 발견했습니다. 어떻게 신고해야 하나요?,습득신고,4
공원에서 잃어버린 장갑을 발견했습니다. ,습득신고,4
은행 앞에서 누군가의 지갑을 발견했습니다. ,습득신고,4
식료품점에서 장바구니를 놓고 간 누군가를 발견했습니다.,습득신고,4
주차장에서 누군가의 자동차 열쇠를 발견했습니다. ,습득신고,4
공공 도서관에서 분실된 책을 발견했습니다.,습득신고,4
지하철 역에서 누군가의 지갑을 발견했습니다. ,습득신고,4
카페 테이블에 누군가의 핸드폰을 발견했습니다. ,습득신고,4
공원에서 분실된 모자를 발견했습니다. ,습득신고,4
쇼핑몰에서 누군가가 두고 간 쇼핑백을 발견했습니다.,습득신고,4
회사 주차장에서 분실된 스마트폰을 발견했습니다. ,습득신고,4
식당에서 누군가의 지갑을 발견했습니다.,습득신고,4
공공 도서관에서 분실된 노트북을 발견했습니다. ,습득신고,4
지하철에서 누군가가 놓고 간 가방을 발견했습니다. ,습득신고,4
주차장에서 누군가의 자동차 열쇠를 발견했습니다.,습득신고,4
지하철에서 핸드폰을 습득한 상황이라 신고하려고 전화를 드렸습니다.,습득신고,4
공원에서 지갑을 발견하여 신고하려고 합니다.,습득신고,4
"학교에서 열쇠를 발견했는데, 어떻게 신고해야 할지 알려주세요.",습득신고,4
도서관에서 모자를 습득한 상황이라 신고드립니다.,습득신고,4
카페에서 노트북을 발견하여 신고하려고 합니다.,습득신고,4
마트에서 신분증을 습득한 상황이라 어떻게 처리해야 할지 알려주세요.,습득신고,4
은행에서 지폐뭉치를 발견하여 신고하려고 합니다.,습득신고,4
공공장소에서 장갑을 습득한 상황이라 신고드립니다.,습득신고,4
버스에서 가방을 발견하여 신고하려고 합니다.,습득신고,4
길에 휴대폰을 습득한 상황이라 어떻게 처리해야 할지 문의드립니다.,습득신고,4
주차장에서 열쇠를 주워서 신고하려고 합니다.,습득신고,4
마트에서 지갑을 습득한 상황이라 신고드립니다.,습득신고,4
도로에서 자전거를 발견하여 어떻게 신고하는 게 좋을지 알려주세요.,습득신고,4
길거리에서 습득한 핸드폰을 주인에게 돌려주려고 합니다. 연락처를 확인하고 싶습니다.,습득신고,4
길가에서 습득한 지갑에 신분증이 들어있어 주인에게 반환하려고 합니다. 어떻게 해야 할지 알려주세요.,습득신고,4
공원에서 노트를 발견하여 신고하려고 합니다.,습득신고,4
지하철에서 가방을 주웠는데 어떻게 해야 할지 알려주세요.,습득신고,4
새로운 동네에 왔는데 길을 잃어서 도움을 청하려고 전화합니다.,길안내,4
지도 어플을 사용하다가 여전히 길을 못 찾아서 도움이 필요합니다.,길안내,4
길을 잃어서 어떻게 이동해야 하는지 모르겠어요. 안내해주세요.,길안내,4
길을 찾다가 헤매고 있어서 도와주실 수 있을까요?,길안내,4
새로운 도시에서 길을 잃어서 어디로 가야 할지 모르겠어요.,길안내,4
지금 어느 동네에 있는지 모르겠어요. 도와주세요.,길안내,4
목적지까지 가는 방법을 모르겠어서 길을 묻고 싶습니다.,길안내,4
길을 찾는 데 어려움을 겪고 있어서 도움을 청하려고 전화했습니다.,길안내,4
동네를 벗어나서 길을 잃어서 도움을 요청합니다.,길안내,4
"길을 잃어서 이동 중인데, 어떻게 가야 할지 모르겠어요.",길안내,4
새로운 장소에서 길을 못 찾고 있어서 도움이 필요합니다.,길안내,4
차에서 내렸는데 어떻게 집에 돌아가야 할지 몰라서 전화했습니다.,길안내,4
도심 속에서 길을 잃어버렸어요. 어떻게 가야 할까요?,길안내,4
도로 공사로 인해 우회로를 타다가 길을 잃었어요. 안내 부탁드립니다.,길안내,4
신호등 고장으로 꼬리물기 중에 길을 잃어버렸어요. 도움이 필요합니다.,길안내,4
여행 중에 호텔로 돌아가는 길을 잃었어요. 안내해주세요.,길안내,4
지하철에서 내렸는데 어떻게 나가야 할지 모르겠어요. 도움이 필요합니다.,길안내,4
공항에서 내렸는데 숙소로 가는 길을 모르겠어요. 안내해주세요.,길안내,4
길을 찾다가 엇갈렸어요. 어떻게 돌아가야 할지 모르겠어요.,길안내,4
숲속에서 산책 중에 길을 잃었어요. 어떻게 나가야 할까요?,길안내,4
현재 위치에서 가장 가까운 지하철 역이 어디인지 알려주실 수 있을까요?,길안내,4
반포대교가 혼잡한지 아닌지 알려주세요.,길안내,4
길을 잃어버렸는데 제가 지금 어디에 있는지 알려주실 수 있을까요?,길안내,4
길을 잃어서 경찰에게 도움을 청하려고 전화했어요,길안내,4
목적지로 가는 길을 모르겠어서 그런데 길좀 알려주세요,길안내,4
현재 위치에서 가장 가까운 경찰서까지 어떤 경로로 가야할지 알려주세요.,길안내,4
길을 찾지 못해 경찰에게 도움을 청하고 싶습니다.,길안내,4
교차로에서 어떤 방향으로 가야할지 경찰에게 알려달라고 문의드립니다.,길안내,4
주변 지역의 주요 도로를 어떻게 찾아갈지 경찰에게 물어보고 싶습니다.,길안내,4
길을 찾는 데 어려움을 겪고 있는데 길을 알려주실 수 있나요?,길안내,4
현재 위치에서 시청까지 가는 가장 빠른 길을 알려주세요,길안내,4
세탁기에서 전기 누전이 발생한 것 같아요. 어떻게 해야 할까요?,전기누전,4
냉장고가 전원을 계속 빼고 연결되는 것 같아서 걱정돼요.,전기누전,4
전자레인지를 사용하다가 전기 누전이 발생했습니다,전기누전,4
에어컨이 계속 전기를 누전시키는 것 같아요.,전기누전,4
선풍기가 사용 중에 갑자기 전기 누전이 발생한 것 같아요. ,전기누전,4
컴퓨터를 켰더니 전원선에서 전기 누전이 나는 것 같아요. ,전기누전,4
전기밥솥을 사용하다가 누전이 발생했습니다. ,전기누전,4
다리미를 사용하던 중에 전기 누전이 발생한 것 같아요,전기누전,4
전자포트를 틀었는데 전원선에서 전기 누전이 나는 것 같아요,전기누전,4
가스레인지를 사용하다가 부분적으로 전기 누전이 발생한 것 같아요.,전기누전,4
회사에서 전기 장치가 이상동작하고 있어요.,전기누전,4
가정용 전기 콘센트에서 스파크가 튀고 있습니다.,전기누전,4
마트 전기에 이상이 있는 것 같아서 경찰에게 문의하려고 합니다.,전기누전,4
건물 외벽에서 전기 누전이 일어나고 있는 상황이라 신고하려고 합니다.,전기누전,4
사무실에서 전기 장치가 갑자기 꺼져버려서 신고드립니다.,전기누전,4
집 안에서 수도관이 파열되어서 물이 새고 있어요.,수도관파열,4
아파트 내부에서 수도관이 파열돼서 물이 흘러나오고 있는 것 같습니다.,수도관파열,4
건물 외벽에서 수도관이 터져서 물이 고였어요,수도관파열,4
공원 내에서 수도관이 터져서 물이 흘러나와요,수도관파열,4
아파트 건물에서 물이 새고 있습니다.,수도관파열,4
도로 구석에서 수도관 파열로 물이 흐르고 있습니다.,수도관파열,4
공공장소에서 수도관 파열로 물이 쏟아져 나오고 있어서 신고합니다.,수도관파열,4
아파트 주변에서 수도관이 파열돼서 물이 새고 있어서 알려드립니다.,수도관파열,4
도로에 불법 주정차된 차량이 있어요.,불법주정차,4
보행도로에 불법 주정차된 차량이 다니기 힘들게 해요,불법주정차,4
주차 금지 지역에 불법 주정차된 차량이 있어요,불법주정차,4
공공장소에 불법 주정차된 차량이 다른 차량의 통행을 막고 있어요,불법주정차,4
아파트 출입구에 불법 주정차된 차량이 있어요,불법주정차,4
자전거 도로에 불법 주정차된 차량이 있어서 알려드립니다.,불법주정차,4
주택 지역에 불법 주정차된 차량이 있어서 경고드리려고 합니다.,불법주정차,4
소방차가 통과해야 할 도로에 불법 주정차된 차량이 있어서 문제가 되고 있습니다.,불법주정차,4
공원 주변에 불법 주정차된 차량이 있어서 신고하려고 합니다.,불법주정차,4
교차로에 불법 주정차된 차량이 다른 차량들의 시야를 막고 있는 상황입니다.,불법주정차,4
아파트 주차장 입구에 불법 주정차된 차량이 있어서 전화 드렸습니다.,불법주정차,4
학교 근처에 불법 주정차된 차량이 학생들의 안전을 위협하고 있는 것 같아요.,불법주정차,4
버스 정류장에 불법 주정차된 차량이 있어서 경고하려고 합니다.,불법주정차,4
도로 가로등이 파손돼 어둠 속에서 위험한 상황입니다.,시설민원,4
주요 도로에 있는 안전 표지판이 파손됐어요,시설민원,4
공원 내 휴게시설이 파손됐어요.,시설민원,4
아파트 내 소방 시설이 고장으로 작동하지 않아요,시설민원,4
버스 정류장 시설이 손상돼서 고쳐야 할 것 같아요,시설민원,4
대형 쇼핑몰의 엘리베이터 시설이 작동하지 않아요,시설민원,4
근린공원의 시설물이 파손돼서 관리해야 할 상황이라 경찰에게 알려주려고 합니다.,시설민원,4
지하철 역의 에스컬레이터 시설이 고장으로 불편함을 겪고 있어서 경찰에게 신고합니다.,시설민원,4
도로 횡단보도 시설이 파손돼서 보행자의 안전이 위협되는 것 같아요,시설민원,4
근린시설의 화장실이 고장으로 사용할 수 없는 상태여서 경찰에게 알려드립니다.,시설민원,4
주요 도로 가로등이 고장으로 켜지지 않아서 경찰에게 신고하려고 합니다.,시설민원,4
도로 중앙분리대가 파손돼서 복구가 필요한 상황이라 경찰에게 알립니다.,시설민원,4
주택 근처에 쓰레기가 많이 버려져 있어서 정리가 필요한 상황입니다.,시설민원,4
도로 표지판에 녹이나 오염이 심해서 교체나 청소가 필요한 것 같습니다.,시설민원,4
공원 내에 쓰레기통이 부족해서 주기적으로 청소와 교체가 필요한 것 같아서 알립니다.,시설민원,4
버스 정류장에서 의자가 고장으로 작동하지 않아서 수리가 필요한 상황입니다.,시설민원,4
주택 지역에 나무가 과도하게 자라서 가지 치움이 필요한 상태입니다.,시설민원,4
공원 내 벤치가 파손돼서 수리나 교체가 필요한 것 같아서 알려드립니다.,시설민원,4
도로 가로등이 꺼져있어 어둠 속에서 위험할 수 있는 상황입니다.,시설민원,4
주변에 잡초가 너무 많이 자라나서 정리가 필요한 것 같아서 신고합니다.,시설민원,4
공공 시설의 화장실이 청결하지 않아서 청소가 필요한 상황입니다.,시설민원,4
주거 지역에 길고 얇은 구덩이가 많이 생겨서 보수 작업이 필요한 것 같습니다.,시설민원,4
공원 내에 있는 운동 시설이 파손돼서 수리나 점검이 필요한 상태입니다.,시설민원,4
도로 횡단보도의 보행 신호등이 작동하지 않아서 고쳐야 할 것 같습니다.,시설민원,4
주변에 쓰레기가 난무해서 주기적인 청소가 필요한 상황입니다.,시설민원,4
공공 시설의 벤치가 낡아서 교체가 필요한 것 같아서 알립니다.,시설민원,4
주변 공원에서 쓰레기를 무단으로 버리는 사람들이 있어요.,쓰레기무단투기,4
도로와 공공장소에서 쓰레기를 무단으로 버리는 차량이 늘어나서 깨끗한 도시를 유지하기 어렵습니다.,쓰레기무단투기,4
주거 지역 내에서 쓰레기통이 가득 차서 주민들이 불편함을 겪고 있습니다.,쓰레기무단투기,4
공원에서 쓰레기통이 없어서 사람들이 무단으로 쓰레기를 버리고 있는 상황입니다.,쓰레기무단투기,4
도로 횡단보도 주변에 쓰레기가 무단으로 투기되어 보행자들의 안전이 위협받고 있습니다.,쓰레기무단투기,4
주택 지역에서 쓰레기를 무단으로 버리는 차량들이 다니고 있어서 환경이 어지럽혀져 있습니다.,쓰레기무단투기,4
공공 시설 앞에서 쓰레기를 무단으로 버리는 행위로 인해 지역 이미지가 손상되고 있습니다.,쓰레기무단투기,4
도로 주변에 쓰레기가 흩뿌려져 있어서 깨끗한 도로 환경을 위해 조치가 필요한 상황입니다.,쓰레기무단투기,4
도심에 쓰레기통이 부족해서 쓰레기를 버릴 장소를 찾기 어려운 상황입니다.,쓰레기무단투기,4
주거 지역 내에서 쓰레기가 통에 아닌 곳에 버려져서 공공 장소가 지저분해지고 있습니다.,쓰레기무단투기,4
도로 주변에서 쓰레기를 버리는 행위로 인해 도로 환경이 오염되고 있습니다.,쓰레기무단투기,4
주택 지역에서 쓰레기통이 너무 가까이 없어서 쓰레기를 무단으로 버리는 사람들이 늘어나는 상황입니다.,쓰레기무단투기,4
외대앞역 스타벅스인데요,일상대화,5
신림역 푸리마타운인데요,일상대화,5
여기는 서울 종로구 광화문 근처입니다.,일상대화,5
강남역 2번 출구인데요,일상대화,5
현재는 서울 서대문구 이대역 근처에 있습니다.,일상대화,5
여기는 서초구 강남대로에 위치한 스타벅스입니다.,일상대화,5
지금은 서울 중구 명동인데요,일상대화,5
저는 강서구 화곡역인데요,일상대화,5
여기는 서울 송파구 롯데월드몰 근처에 있어요.,일상대화,5
저는 마포구 홍대입구 3번 출구 근처에요,일상대화,5
여기는 강북구 미아사거리에 위치한 투썸플레이스입니다.,일상대화,5
지금은 서울 강남구 강남역 사거리에 있어요.,일상대화,5
저는 강동구 명일역 근처에 있습니다.,일상대화,5
여기는 종로구 광장시장에 위치한 왕갈비통닭입니다.,일상대화,5
현재는 서울 서초구 반포한강공원에 있어요.,일상대화,5
저는 강서구 마곡역 근처에서 발화하고 있습니다.,일상대화,5
여기는 강남구 신사동에 위치한 BHC입니다.,일상대화,5
지금은 서울 중랑구 중랑역 근처에 있어요.,일상대화,5
저는 강북구 수유역에서 이야기하고 있습니다.,일상대화,5
여기는 종로구 광화문광장에 위치한 투썸플레이스입니다.,일상대화,5
현재는 서울 용산구 남산서울타워 근처에 있어요.,일상대화,5
저는 강동구 성내역 근처에서 발화하고 있습니다.,일상대화,5
여기는 중구 남대문시장에 위치한 스타벅스입니다.,일상대화,5
지금은 서울 동작구 상도역 근처에 있어요.,일상대화,5
저는 강북구 미아역에서 이야기하고 있습니다.,일상대화,5
여기는 강남구 코엑스몰 근처에 있어요.,일상대화,5
현재는 서울 서대문구 이대역에서 발화하고 있습니다.,일상대화,5
저는 강서구 화곡동에 위치한 왕갈비통닭입니다.,일상대화,5
여기는 강동구 길동에 위치한 BHC입니다.,일상대화,5
지금은 서울 강남구 압구정역 근처에 있어요.,일상대화,5
"저는 강북구 미아동에 있으며, 미아사거리와 가까워요.",일상대화,5
감사합니다.,일상대화,5
얼른 와주세요.,일상대화,5
출동 부탁드립니다.,일상대화,5
빠른 대응 부탁드립니다.,일상대화,5
신속한 조치 부탁드립니다.,일상대화,5
도움 주셔서 감사합니다.,일상대화,5
빠른 도움에 감사합니다.,일상대화,5
안전한 환경으로 돌아갈 수 있어 기쁩니다.,일상대화,5
현장으로 빠른 대응 감사합니다.,일상대화,5
안전이 최우선이에요.,일상대화,5
조사와 대응에 감사합니다.,일상대화,5
긴급한 상황에서 빠른 대응 감사합니다.,일상대화,5
신속한 도움 주셔서 감사합니다.,일상대화,5
도움이 빨리 와서 다행입니다.,일상대화,5
현장에 빠른 도움을 보내 주셔서 감사합니다.,일상대화,5
우리를 보호해 주셔서 감사합니다.,일상대화,5
경찰관님의 빠른 도움이 큰 도움이 되었습니다.,일상대화,5
안전을 위해 노력해 주셔서 감사합니다.,일상대화,5
이런 긴급 상황에서도 항상 감사합니다.,일상대화,5
경찰관님의 열정과 노력에 감사드립니다.,일상대화,5
고맙습니다.,일상대화,5
빨리 와주세요.,일상대화,5
출동 부탁해요.,일상대화,5
빨리 대응해 주세요.,일상대화,5
신속한 조치 부탁드립니다.,일상대화,5
감사합니다.,일상대화,5
도움 부탁드립니다.,일상대화,5
안녕하세요,일상대화,5
빨리요,일상대화,5
빠르게 와주세요,일상대화,5
긴급한 상황이에요,일상대화,5
오늘 일찍 자려고 생각 중이에요.,일상대화,5
오늘은 좋은 날씨라서 밖에서 산책을 하려고 해요.,일상대화,5
"우리 동네에서 새로운 카페가 열렸는데, 정말 좋은 음료를 판다고 해서 알려드립니다.",일상대화,5
아이스크림 가게에서 맛있는 새 맛이 나왔더라고요. 한 번 드셔보시면 좋을 것 같아요.,일상대화,5
주변에 예쁜 꽃집을 발견해서 알려드립니다.,일상대화,5
저희 동네에서 어린이 놀이터에 새로운 놀이기구가 설치되었더라고요. ,일상대화,5
이번 주말에는 동네 공원에서 체육대회가 열린다고 해서 알려드립니다.,일상대화,5
오랜만에 우리 동네에서 민화전시회가 열린다고 하네요. 관심 있으시면 들러보세요.,일상대화,5
주변에 새로운 빵집이 열렸는데 빵이 정말 맛있어요,일상대화,5
최근에 인터넷으로 예쁜 카페를 찾았는데 카페 분위기도 좋고 커피도 맛있다고 하네요.,일상대화,5
저희 동네에서 새로운 도서관이 개관되었더라고요. ,일상대화,5
강남역 근처에서 새로운 카페가 오픈했다는 소식을 들었어요.,일상대화,5
"홍대 근처에서 예쁜 꽃집이 있다는 소식을 들었는데, 한 번 들러보는 건 어떨까요?",일상대화,5
최근에 이태원에서 새로운 공원이 개장되었다는 소식을 들었어요.,일상대화,5
"신촌 근처에 맛있는 음식점들이 많이 모여있다는 소식을 들었는데, 다양한 맛을 즐겨보세요.",일상대화,5
지금 홍대 주변에서 예쁜 빵집이 열렸다는 소식을 들었어요.,일상대화,5
최근에 강남역에서 무료 콘서트가 열린다는 소식을 들었어요. 함께 즐겨보세요!,일상대화,5
신촌 근처에 새로운 영화관이 오픈했다는 소식을 들었어요. 주말에 영화 한 편 보러 가보는 건 어떨까요?,일상대화,5
지금 이태원 주변에서 예쁜 공원이 있다는 소식을 들었어요. 가까운 날에 함께 산책해보는 것도 좋을 것 같아요.,일상대화,5
홍대에서 주말마다 다양한 문화 행사들이 열린다는 소식을 들었어요.,일상대화,5
최근에 강남역 근처에서 예쁜 카페들이 많이 생겨났다는 소식을 들었어요.,일상대화,5
신촌 근처에 다양한 미술관과 갤러리가 모여있다는 소식을 들었어요,일상대화,5
지금 홍대 주변에서 다양한 맛집들이 모여있다는 소식을 들었어요.,일상대화,5
강남역에서 주말에는 예술 공연이 열릴 예정이라고 해서 알려드립니다.,일상대화,5
최근에 이태원 근처에서 건강을 위한 체육 시설이 개설되었다는 소식을 들었어요.,일상대화,5
"신촌 근처에 아름다운 공원이 있다는 소식을 들었는데, 가까운 날에 함께 방문해봐요",일상대화,5
홍대에서는 다양한 예술 행사들이 열리고 있어서 알려드립니다.,일상대화,5
지금 강남역 주변에서 좋은 카페들이 많다는 소식을 들었어요.,일상대화,5
이태원 근처에서 예쁜 벽화가 그려진 골목이 생겼다는 소식을 들었어요.,일상대화,5
홍대에서 새로운 영화관이 오픈했다는 소식을 들었는데 영화보러 가시죠.,일상대화,5
지금 신촌 근처에서 예쁜 공원이 있다는 소식을 들었어요.,일상대화,5
혜화역 주변에서 새로운 카페가 오픈했다는 소식을 들었어요.,일상대화,5
"종로 근처에 예쁜 꽃집이 있다는 소식을 들었는데, 한 번 들러보는 건 어떨까요?",일상대화,5
최근에 남산 근처에서 새로운 공원이 개장되었다는 소식을 들었어요.,일상대화,5
"이태원 근처에 맛있는 음식점들이 많이 모여있다는 소식을 들었는데, 다양한 맛을 즐겨보세요.",일상대화,5
지금 혜화역 주변에서 예쁜 빵집이 열렸다는 소식을 들었어요.,일상대화,5
최근에 종로 근처에서 무료 콘서트가 열린다는 소식을 들었어요. 함께 즐겨보세요!,일상대화,5
남산 근처에 새로운 영화관이 오픈했다는 소식을 들었어요. ,일상대화,5
지금 이태원 주변에서 예쁜 공원이 있다는 소식을 들었어요.,일상대화,5
종로에서 주말마다 다양한 문화 행사들이 열린다는 소식을 들었어요.,일상대화,5
최근에 남산 근처에서 예쁜 카페들이 많이 생겨났다는 소식을 들었어요.,일상대화,5
이태원 근처에 다양한 미술관과 갤러리가 모여있다는 소식을 들었는데 한 번 가봐요.,일상대화,5
지금 혜화역 주변에서 다양한 맛집들이 모여있다는 소식을 들었어요.,일상대화,5
종로 근처에서 주말에는 예술 공연이 열릴 예정이라고 해서 알려드립니다.,일상대화,5
남산 근처에 아름다운 공원이 있대요,일상대화,5
이태원에서는 다양한 예술 행사들이 열리고 있어서 알려드립니다.,일상대화,5
지금 혜화역 주변에서 좋은 카페들이 많다는 소식을 들었어요.,일상대화,5
종로 근처에 예쁜 벽화가 그려진 골목이 생겼다는 소식을 들었어요.,일상대화,5
이태원 근처에서 새로운 문화 행사가 열릴 예정이라고 해서 알려드립니다.,일상대화,5
남산 근처에서 새로운 체육시설이 개설되었다는 소식을 들었어요.,일상대화,5
지금 혜화역 주변에서 예쁜 공원이 있다는 소식을 들었어요.,일상대화,5
사랑해요.,일상대화,5
짜장면 맛있겠다.,일상대화,5
커피사주세요.,일상대화,5
카톡주세요.,일상대화,5
강아지가 너무 좋아.,일상대화,5
밥먹으러 가자,일상대화,5
잠이 자고싶어요.,일상대화,5
퇴근하고싶다.,일상대화,5
이 집 제육 맛있어요.,일상대화,5
강남 놀러갔다올게,일상대화,5
